trial_id,loss,f1_macro,time_this_iter_s,done,timesteps_total,episodes_total,training_iteration,experiment_id,date,timestamp,time_total_s,pid,hostname,node_ip,time_since_restore,timesteps_since_restore,iterations_since_restore,warmup_time,experiment_tag,config/args,config/epochs,config/accuracy,config/save_csv,config/lr,config/momentum,config/weight_decay
84b46_00006,0.607,0.54,20.959466218948364,True,,,12,253149f3b6b94e3fa3d6bad9147c4d13,2023-07-01_16-28-18,1688221698,250.04392671585083,82600,sfandres-ROG-Strix-G513QR,192.168.1.128,250.04392671585083,0,12,0.0038750171661376953,"6_lr=0.0100,momentum=0.9000,weight_decay=0","Namespace(model_name='Supervised', task_name='multiclass', backbone_name='resnet18', input_data=None, dataset_name='Sentinel2AndaluciaLULC', dataset_level='Level_N2', train_rate=1.0, epochs=12, learning_rate=0.01, save_every=5, batch_size=64, num_workers=2, ini_weights='imagenet', seed=42, dropout=None, transfer_learning='LP', show=False, verbose=False, balanced_dataset=False, torch_compile=False, distributed=False, ray_tune='gridsearch', grace_period=4, num_samples_trials=3, gpus_per_trial=1)",12,val,False,0.01,0.9,0.0
84b46_00054,0.593,0.536,21.25689125061035,True,,,12,7989d4772650450eaf97b24624e04f60,2023-07-01_18-24-57,1688228697,253.3600447177887,125110,sfandres-ROG-Strix-G513QR,192.168.1.128,253.3600447177887,0,12,0.003253936767578125,"54_lr=0.0100,momentum=0.9000,weight_decay=0","Namespace(model_name='Supervised', task_name='multiclass', backbone_name='resnet18', input_data=None, dataset_name='Sentinel2AndaluciaLULC', dataset_level='Level_N2', train_rate=1.0, epochs=12, learning_rate=0.01, save_every=5, batch_size=64, num_workers=2, ini_weights='imagenet', seed=42, dropout=None, transfer_learning='LP', show=False, verbose=False, balanced_dataset=False, torch_compile=False, distributed=False, ray_tune='gridsearch', grace_period=4, num_samples_trials=3, gpus_per_trial=1)",12,val,False,0.01,0.9,0.0
84b46_00057,0.602,0.535,20.81434988975525,True,,,12,b106cd909e014e908225515d84e332ff,2023-07-01_18-32-02,1688229122,247.13634991645813,127591,sfandres-ROG-Strix-G513QR,192.168.1.128,247.13634991645813,0,12,0.00407099723815918,"57_lr=0.0010,momentum=0.9900,weight_decay=0.0001","Namespace(model_name='Supervised', task_name='multiclass', backbone_name='resnet18', input_data=None, dataset_name='Sentinel2AndaluciaLULC', dataset_level='Level_N2', train_rate=1.0, epochs=12, learning_rate=0.01, save_every=5, batch_size=64, num_workers=2, ini_weights='imagenet', seed=42, dropout=None, transfer_learning='LP', show=False, verbose=False, balanced_dataset=False, torch_compile=False, distributed=False, ray_tune='gridsearch', grace_period=4, num_samples_trials=3, gpus_per_trial=1)",12,val,False,0.001,0.99,0.0001
84b46_00065,0.569,0.531,20.14381718635559,True,,,12,c36411f250ad43f5a9ce8eb7883c0221,2023-07-01_18-54-46,1688230486,246.3969943523407,135362,sfandres-ROG-Strix-G513QR,192.168.1.128,246.3969943523407,0,12,0.004630088806152344,"65_lr=0.0010,momentum=0.9900,weight_decay=0.0000","Namespace(model_name='Supervised', task_name='multiclass', backbone_name='resnet18', input_data=None, dataset_name='Sentinel2AndaluciaLULC', dataset_level='Level_N2', train_rate=1.0, epochs=12, learning_rate=0.01, save_every=5, batch_size=64, num_workers=2, ini_weights='imagenet', seed=42, dropout=None, transfer_learning='LP', show=False, verbose=False, balanced_dataset=False, torch_compile=False, distributed=False, ray_tune='gridsearch', grace_period=4, num_samples_trials=3, gpus_per_trial=1)",12,val,False,0.001,0.99,1e-05
84b46_00000,0.694,0.527,21.615660667419434,True,,,12,dec012a55098407092ae340897209846,2023-07-01_16-11-11,1688220671,254.341237783432,76683,sfandres-ROG-Strix-G513QR,192.168.1.128,254.341237783432,0,12,0.0029296875,"0_lr=0.0001,momentum=0.9900,weight_decay=0","Namespace(model_name='Supervised', task_name='multiclass', backbone_name='resnet18', input_data=None, dataset_name='Sentinel2AndaluciaLULC', dataset_level='Level_N2', train_rate=1.0, epochs=12, learning_rate=0.01, save_every=5, batch_size=64, num_workers=2, ini_weights='imagenet', seed=42, dropout=None, transfer_learning='LP', show=False, verbose=False, balanced_dataset=False, torch_compile=False, distributed=False, ray_tune='gridsearch', grace_period=4, num_samples_trials=3, gpus_per_trial=1)",12,val,False,0.0001,0.99,0.0
84b46_00064,0.69,0.526,20.23425316810608,True,,,12,7e0fff4678cc403c9f070a0c6c5641ca,2023-07-01_18-50-36,1688230236,245.54218769073486,133965,sfandres-ROG-Strix-G513QR,192.168.1.128,245.54218769073486,0,12,0.0039751529693603516,"64_lr=0.0001,momentum=0.9900,weight_decay=0.0000","Namespace(model_name='Supervised', task_name='multiclass', backbone_name='resnet18', input_data=None, dataset_name='Sentinel2AndaluciaLULC', dataset_level='Level_N2', train_rate=1.0, epochs=12, learning_rate=0.01, save_every=5, batch_size=64, num_workers=2, ini_weights='imagenet', seed=42, dropout=None, transfer_learning='LP', show=False, verbose=False, balanced_dataset=False, torch_compile=False, distributed=False, ray_tune='gridsearch', grace_period=4, num_samples_trials=3, gpus_per_trial=1)",12,val,False,0.0001,0.99,1e-05
84b46_00037,0.693,0.522,24.36012864112854,True,,,12,d47984f6dea74571913e44f698af2cf3,2023-07-01_17-42-49,1688226169,290.2851161956787,109646,sfandres-ROG-Strix-G513QR,192.168.1.128,290.2851161956787,0,12,0.0030624866485595703,"37_lr=0.0010,momentum=0.9000,weight_decay=0.0001","Namespace(model_name='Supervised', task_name='multiclass', backbone_name='resnet18', input_data=None, dataset_name='Sentinel2AndaluciaLULC', dataset_level='Level_N2', train_rate=1.0, epochs=12, learning_rate=0.01, save_every=5, batch_size=64, num_workers=2, ini_weights='imagenet', seed=42, dropout=None, transfer_learning='LP', show=False, verbose=False, balanced_dataset=False, torch_compile=False, distributed=False, ray_tune='gridsearch', grace_period=4, num_samples_trials=3, gpus_per_trial=1)",12,val,False,0.001,0.9,0.0001
84b46_00030,0.594,0.522,20.304049253463745,True,,,12,574dee6ba85e4e45a7d985b26077ea6f,2023-07-01_17-25-05,1688225105,240.96411657333374,102385,sfandres-ROG-Strix-G513QR,192.168.1.128,240.96411657333374,0,12,0.0037245750427246094,"30_lr=0.0100,momentum=0.9000,weight_decay=0","Namespace(model_name='Supervised', task_name='multiclass', backbone_name='resnet18', input_data=None, dataset_name='Sentinel2AndaluciaLULC', dataset_level='Level_N2', train_rate=1.0, epochs=12, learning_rate=0.01, save_every=5, batch_size=64, num_workers=2, ini_weights='imagenet', seed=42, dropout=None, transfer_learning='LP', show=False, verbose=False, balanced_dataset=False, torch_compile=False, distributed=False, ray_tune='gridsearch', grace_period=4, num_samples_trials=3, gpus_per_trial=1)",12,val,False,0.01,0.9,0.0
84b46_00008,0.697,0.519,21.57314896583557,True,,,12,df0175d367b34dee96d0f2b0e3cb56aa,2023-07-01_16-33-59,1688222039,250.08747673034668,84544,sfandres-ROG-Strix-G513QR,192.168.1.128,250.08747673034668,0,12,0.004086494445800781,"8_lr=0.0001,momentum=0.9900,weight_decay=0.0001","Namespace(model_name='Supervised', task_name='multiclass', backbone_name='resnet18', input_data=None, dataset_name='Sentinel2AndaluciaLULC', dataset_level='Level_N2', train_rate=1.0, epochs=12, learning_rate=0.01, save_every=5, batch_size=64, num_workers=2, ini_weights='imagenet', seed=42, dropout=None, transfer_learning='LP', show=False, verbose=False, balanced_dataset=False, torch_compile=False, distributed=False, ray_tune='gridsearch', grace_period=4, num_samples_trials=3, gpus_per_trial=1)",12,val,False,0.0001,0.99,0.0001
84b46_00041,0.571,0.519,25.170382499694824,True,,,12,8cda5dabafac47da9ddaddaf40dec46d,2023-07-01_17-55-28,1688226928,290.42784810066223,114263,sfandres-ROG-Strix-G513QR,192.168.1.128,290.42784810066223,0,12,0.004481315612792969,"41_lr=0.0010,momentum=0.9900,weight_decay=0.0000","Namespace(model_name='Supervised', task_name='multiclass', backbone_name='resnet18', input_data=None, dataset_name='Sentinel2AndaluciaLULC', dataset_level='Level_N2', train_rate=1.0, epochs=12, learning_rate=0.01, save_every=5, batch_size=64, num_workers=2, ini_weights='imagenet', seed=42, dropout=None, transfer_learning='LP', show=False, verbose=False, balanced_dataset=False, torch_compile=False, distributed=False, ray_tune='gridsearch', grace_period=4, num_samples_trials=3, gpus_per_trial=1)",12,val,False,0.001,0.99,1e-05
84b46_00048,0.683,0.518,26.209675788879395,True,,,12,0d298c79e4da46b3a2eeddb21ce19b9c,2023-07-01_18-12-34,1688227954,268.4515459537506,120513,sfandres-ROG-Strix-G513QR,192.168.1.128,268.4515459537506,0,12,0.0036869049072265625,"48_lr=0.0001,momentum=0.9900,weight_decay=0","Namespace(model_name='Supervised', task_name='multiclass', backbone_name='resnet18', input_data=None, dataset_name='Sentinel2AndaluciaLULC', dataset_level='Level_N2', train_rate=1.0, epochs=12, learning_rate=0.01, save_every=5, batch_size=64, num_workers=2, ini_weights='imagenet', seed=42, dropout=None, transfer_learning='LP', show=False, verbose=False, balanced_dataset=False, torch_compile=False, distributed=False, ray_tune='gridsearch', grace_period=4, num_samples_trials=3, gpus_per_trial=1)",12,val,False,0.0001,0.99,0.0
84b46_00021,0.694,0.515,21.176506519317627,True,,,12,054639d07f454e6395b4f7b6ca2cac06,2023-07-01_17-01-09,1688223669,252.1620388031006,94097,sfandres-ROG-Strix-G513QR,192.168.1.128,252.1620388031006,0,12,0.003885507583618164,"21_lr=0.0010,momentum=0.9000,weight_decay=0.0000","Namespace(model_name='Supervised', task_name='multiclass', backbone_name='resnet18', input_data=None, dataset_name='Sentinel2AndaluciaLULC', dataset_level='Level_N2', train_rate=1.0, epochs=12, learning_rate=0.01, save_every=5, batch_size=64, num_workers=2, ini_weights='imagenet', seed=42, dropout=None, transfer_learning='LP', show=False, verbose=False, balanced_dataset=False, torch_compile=False, distributed=False, ray_tune='gridsearch', grace_period=4, num_samples_trials=3, gpus_per_trial=1)",12,val,False,0.001,0.9,1e-05
84b46_00046,0.582,0.514,22.611989498138428,True,,,12,ff8594dbffb94a56a4b682d5646cbc1e,2023-07-01_18-06-29,1688227589,270.9337031841278,118360,sfandres-ROG-Strix-G513QR,192.168.1.128,270.9337031841278,0,12,0.003208160400390625,"46_lr=0.0100,momentum=0.9000,weight_decay=0.0000","Namespace(model_name='Supervised', task_name='multiclass', backbone_name='resnet18', input_data=None, dataset_name='Sentinel2AndaluciaLULC', dataset_level='Level_N2', train_rate=1.0, epochs=12, learning_rate=0.01, save_every=5, batch_size=64, num_workers=2, ini_weights='imagenet', seed=42, dropout=None, transfer_learning='LP', show=False, verbose=False, balanced_dataset=False, torch_compile=False, distributed=False, ray_tune='gridsearch', grace_period=4, num_samples_trials=3, gpus_per_trial=1)",12,val,False,0.01,0.9,1e-05
84b46_00001,0.589,0.51,20.833271741867065,True,,,12,5cd7e651ed1f4cf5ab06c915590115d0,2023-07-01_16-15-24,1688220924,248.17576503753662,78115,sfandres-ROG-Strix-G513QR,192.168.1.128,248.17576503753662,0,12,0.003168821334838867,"1_lr=0.0010,momentum=0.9900,weight_decay=0","Namespace(model_name='Supervised', task_name='multiclass', backbone_name='resnet18', input_data=None, dataset_name='Sentinel2AndaluciaLULC', dataset_level='Level_N2', train_rate=1.0, epochs=12, learning_rate=0.01, save_every=5, batch_size=64, num_workers=2, ini_weights='imagenet', seed=42, dropout=None, transfer_learning='LP', show=False, verbose=False, balanced_dataset=False, torch_compile=False, distributed=False, ray_tune='gridsearch', grace_period=4, num_samples_trials=3, gpus_per_trial=1)",12,val,False,0.001,0.99,0.0
84b46_00063,2.112,0.509,21.472597360610962,True,,,12,6d43764873e44da484b53fa18732002d,2023-07-01_18-46-27,1688229987,254.37347435951233,132558,sfandres-ROG-Strix-G513QR,192.168.1.128,254.37347435951233,0,12,0.0039975643157958984,"63_lr=0.1000,momentum=0.9000,weight_decay=0.0001","Namespace(model_name='Supervised', task_name='multiclass', backbone_name='resnet18', input_data=None, dataset_name='Sentinel2AndaluciaLULC', dataset_level='Level_N2', train_rate=1.0, epochs=12, learning_rate=0.01, save_every=5, batch_size=64, num_workers=2, ini_weights='imagenet', seed=42, dropout=None, transfer_learning='LP', show=False, verbose=False, balanced_dataset=False, torch_compile=False, distributed=False, ray_tune='gridsearch', grace_period=4, num_samples_trials=3, gpus_per_trial=1)",12,val,False,0.1,0.9,0.0001
84b46_00005,0.689,0.507,21.0591983795166,True,,,12,c1e3713516de492b9812624a7ff8dfbb,2023-07-01_16-24-04,1688221444,254.88049507141113,81186,sfandres-ROG-Strix-G513QR,192.168.1.128,254.88049507141113,0,12,0.0032606124877929688,"5_lr=0.0010,momentum=0.9000,weight_decay=0","Namespace(model_name='Supervised', task_name='multiclass', backbone_name='resnet18', input_data=None, dataset_name='Sentinel2AndaluciaLULC', dataset_level='Level_N2', train_rate=1.0, epochs=12, learning_rate=0.01, save_every=5, batch_size=64, num_workers=2, ini_weights='imagenet', seed=42, dropout=None, transfer_learning='LP', show=False, verbose=False, balanced_dataset=False, torch_compile=False, distributed=False, ray_tune='gridsearch', grace_period=4, num_samples_trials=3, gpus_per_trial=1)",12,val,False,0.001,0.9,0.0
84b46_00033,0.603,0.505,25.85720944404602,True,,,12,833b087acc0d41da9ca175a16b30fb3d,2023-07-01_17-32-51,1688225571,288.4491126537323,105283,sfandres-ROG-Strix-G513QR,192.168.1.128,288.4491126537323,0,12,0.0032253265380859375,"33_lr=0.0010,momentum=0.9900,weight_decay=0.0001","Namespace(model_name='Supervised', task_name='multiclass', backbone_name='resnet18', input_data=None, dataset_name='Sentinel2AndaluciaLULC', dataset_level='Level_N2', train_rate=1.0, epochs=12, learning_rate=0.01, save_every=5, batch_size=64, num_workers=2, ini_weights='imagenet', seed=42, dropout=None, transfer_learning='LP', show=False, verbose=False, balanced_dataset=False, torch_compile=False, distributed=False, ray_tune='gridsearch', grace_period=4, num_samples_trials=3, gpus_per_trial=1)",12,val,False,0.001,0.99,0.0001
84b46_00053,0.832,0.504,21.721697092056274,True,,,4,3195fd7942e64d8f8a0de992a930d851,2023-07-01_18-20-40,1688228440,85.39568710327148,124575,sfandres-ROG-Strix-G513QR,192.168.1.128,85.39568710327148,0,4,0.003980159759521484,"53_lr=0.0010,momentum=0.9000,weight_decay=0","Namespace(model_name='Supervised', task_name='multiclass', backbone_name='resnet18', input_data=None, dataset_name='Sentinel2AndaluciaLULC', dataset_level='Level_N2', train_rate=1.0, epochs=12, learning_rate=0.01, save_every=5, batch_size=64, num_workers=2, ini_weights='imagenet', seed=42, dropout=None, transfer_learning='LP', show=False, verbose=False, balanced_dataset=False, torch_compile=False, distributed=False, ray_tune='gridsearch', grace_period=4, num_samples_trials=3, gpus_per_trial=1)",12,val,False,0.001,0.9,0.0
84b46_00070,0.69,0.504,21.267062187194824,True,,,4,a3a23c491ddf499a8743c17a1623dc0e,2023-07-01_19-02-05,1688230925,83.83252882957458,138917,sfandres-ROG-Strix-G513QR,192.168.1.128,83.83252882957458,0,4,0.003194093704223633,"70_lr=0.0100,momentum=0.9000,weight_decay=0.0000","Namespace(model_name='Supervised', task_name='multiclass', backbone_name='resnet18', input_data=None, dataset_name='Sentinel2AndaluciaLULC', dataset_level='Level_N2', train_rate=1.0, epochs=12, learning_rate=0.01, save_every=5, batch_size=64, num_workers=2, ini_weights='imagenet', seed=42, dropout=None, transfer_learning='LP', show=False, verbose=False, balanced_dataset=False, torch_compile=False, distributed=False, ray_tune='gridsearch', grace_period=4, num_samples_trials=3, gpus_per_trial=1)",12,val,False,0.01,0.9,1e-05
84b46_00024,0.835,0.504,19.411646127700806,True,,,4,847918b021924a3db42df18b412348d8,2023-07-01_17-08-19,1688224099,79.79166197776794,97503,sfandres-ROG-Strix-G513QR,192.168.1.128,79.79166197776794,0,4,0.004279375076293945,"24_lr=0.0001,momentum=0.9900,weight_decay=0","Namespace(model_name='Supervised', task_name='multiclass', backbone_name='resnet18', input_data=None, dataset_name='Sentinel2AndaluciaLULC', dataset_level='Level_N2', train_rate=1.0, epochs=12, learning_rate=0.01, save_every=5, batch_size=64, num_workers=2, ini_weights='imagenet', seed=42, dropout=None, transfer_learning='LP', show=False, verbose=False, balanced_dataset=False, torch_compile=False, distributed=False, ray_tune='gridsearch', grace_period=4, num_samples_trials=3, gpus_per_trial=1)",12,val,False,0.0001,0.99,0.0
84b46_00040,0.829,0.503,23.023165941238403,True,,,4,0d66c8bf8e2f4da399bbfee7712556c0,2023-07-01_17-50-34,1688226634,88.74422073364258,113612,sfandres-ROG-Strix-G513QR,192.168.1.128,88.74422073364258,0,4,0.0031118392944335938,"40_lr=0.0001,momentum=0.9900,weight_decay=0.0000","Namespace(model_name='Supervised', task_name='multiclass', backbone_name='resnet18', input_data=None, dataset_name='Sentinel2AndaluciaLULC', dataset_level='Level_N2', train_rate=1.0, epochs=12, learning_rate=0.01, save_every=5, batch_size=64, num_workers=2, ini_weights='imagenet', seed=42, dropout=None, transfer_learning='LP', show=False, verbose=False, balanced_dataset=False, torch_compile=False, distributed=False, ray_tune='gridsearch', grace_period=4, num_samples_trials=3, gpus_per_trial=1)",12,val,False,0.0001,0.99,1e-05
84b46_00038,0.591,0.503,21.371642112731934,True,,,12,a24679479bfa4019a2f63929fcc674ad,2023-07-01_17-47-27,1688226447,274.0013177394867,111307,sfandres-ROG-Strix-G513QR,192.168.1.128,274.0013177394867,0,12,0.003565549850463867,"38_lr=0.0100,momentum=0.9000,weight_decay=0.0001","Namespace(model_name='Supervised', task_name='multiclass', backbone_name='resnet18', input_data=None, dataset_name='Sentinel2AndaluciaLULC', dataset_level='Level_N2', train_rate=1.0, epochs=12, learning_rate=0.01, save_every=5, batch_size=64, num_workers=2, ini_weights='imagenet', seed=42, dropout=None, transfer_learning='LP', show=False, verbose=False, balanced_dataset=False, torch_compile=False, distributed=False, ray_tune='gridsearch', grace_period=4, num_samples_trials=3, gpus_per_trial=1)",12,val,False,0.01,0.9,0.0001
84b46_00011,19.798,0.503,20.53167986869812,True,,,4,7394e935c53a49ac94176d6836bc2aba,2023-07-01_16-38-19,1688222299,81.04717087745667,87033,sfandres-ROG-Strix-G513QR,192.168.1.128,81.04717087745667,0,4,0.003154754638671875,"11_lr=0.1000,momentum=0.9900,weight_decay=0.0001","Namespace(model_name='Supervised', task_name='multiclass', backbone_name='resnet18', input_data=None, dataset_name='Sentinel2AndaluciaLULC', dataset_level='Level_N2', train_rate=1.0, epochs=12, learning_rate=0.01, save_every=5, batch_size=64, num_workers=2, ini_weights='imagenet', seed=42, dropout=None, transfer_learning='LP', show=False, verbose=False, balanced_dataset=False, torch_compile=False, distributed=False, ray_tune='gridsearch', grace_period=4, num_samples_trials=3, gpus_per_trial=1)",12,val,False,0.1,0.99,0.0001
84b46_00045,0.827,0.502,21.734430074691772,True,,,4,2277dfcaf23e48ff916ba1834a2e0f7e,2023-07-01_18-01-54,1688227314,86.71353363990784,117815,sfandres-ROG-Strix-G513QR,192.168.1.128,86.71353363990784,0,4,0.0034759044647216797,"45_lr=0.0010,momentum=0.9000,weight_decay=0.0000","Namespace(model_name='Supervised', task_name='multiclass', backbone_name='resnet18', input_data=None, dataset_name='Sentinel2AndaluciaLULC', dataset_level='Level_N2', train_rate=1.0, epochs=12, learning_rate=0.01, save_every=5, batch_size=64, num_workers=2, ini_weights='imagenet', seed=42, dropout=None, transfer_learning='LP', show=False, verbose=False, balanced_dataset=False, torch_compile=False, distributed=False, ray_tune='gridsearch', grace_period=4, num_samples_trials=3, gpus_per_trial=1)",12,val,False,0.001,0.9,1e-05
84b46_00056,0.827,0.501,21.492982387542725,True,,,4,41869bf821df43c3901911e93ea76c67,2023-07-01_18-27-52,1688228872,85.16622114181519,127053,sfandres-ROG-Strix-G513QR,192.168.1.128,85.16622114181519,0,4,0.005049943923950195,"56_lr=0.0001,momentum=0.9900,weight_decay=0.0001","Namespace(model_name='Supervised', task_name='multiclass', backbone_name='resnet18', input_data=None, dataset_name='Sentinel2AndaluciaLULC', dataset_level='Level_N2', train_rate=1.0, epochs=12, learning_rate=0.01, save_every=5, batch_size=64, num_workers=2, ini_weights='imagenet', seed=42, dropout=None, transfer_learning='LP', show=False, verbose=False, balanced_dataset=False, torch_compile=False, distributed=False, ray_tune='gridsearch', grace_period=4, num_samples_trials=3, gpus_per_trial=1)",12,val,False,0.0001,0.99,0.0001
84b46_00049,0.691,0.501,24.614105939865112,True,,,4,9789237cc7474ce2b4dcef140125f2fd,2023-07-01_18-14-23,1688228063,103.55696868896484,122085,sfandres-ROG-Strix-G513QR,192.168.1.128,103.55696868896484,0,4,0.0029637813568115234,"49_lr=0.0010,momentum=0.9900,weight_decay=0","Namespace(model_name='Supervised', task_name='multiclass', backbone_name='resnet18', input_data=None, dataset_name='Sentinel2AndaluciaLULC', dataset_level='Level_N2', train_rate=1.0, epochs=12, learning_rate=0.01, save_every=5, batch_size=64, num_workers=2, ini_weights='imagenet', seed=42, dropout=None, transfer_learning='LP', show=False, verbose=False, balanced_dataset=False, torch_compile=False, distributed=False, ray_tune='gridsearch', grace_period=4, num_samples_trials=3, gpus_per_trial=1)",12,val,False,0.001,0.99,0.0
84b46_00013,0.705,0.499,20.610740423202515,True,,,12,826db51d11eb482cbde81d725fe856ae,2023-07-01_16-44-00,1688222640,251.16105365753174,88086,sfandres-ROG-Strix-G513QR,192.168.1.128,251.16105365753174,0,12,0.002738475799560547,"13_lr=0.0010,momentum=0.9000,weight_decay=0.0001","Namespace(model_name='Supervised', task_name='multiclass', backbone_name='resnet18', input_data=None, dataset_name='Sentinel2AndaluciaLULC', dataset_level='Level_N2', train_rate=1.0, epochs=12, learning_rate=0.01, save_every=5, batch_size=64, num_workers=2, ini_weights='imagenet', seed=42, dropout=None, transfer_learning='LP', show=False, verbose=False, balanced_dataset=False, torch_compile=False, distributed=False, ray_tune='gridsearch', grace_period=4, num_samples_trials=3, gpus_per_trial=1)",12,val,False,0.001,0.9,0.0001
84b46_00061,0.821,0.499,20.553359985351562,True,,,4,96d1d2619f3a4482828f87b7bdee9e4b,2023-07-01_18-37-52,1688229472,82.35872292518616,130613,sfandres-ROG-Strix-G513QR,192.168.1.128,82.35872292518616,0,4,0.0037806034088134766,"61_lr=0.0010,momentum=0.9000,weight_decay=0.0001","Namespace(model_name='Supervised', task_name='multiclass', backbone_name='resnet18', input_data=None, dataset_name='Sentinel2AndaluciaLULC', dataset_level='Level_N2', train_rate=1.0, epochs=12, learning_rate=0.01, save_every=5, batch_size=64, num_workers=2, ini_weights='imagenet', seed=42, dropout=None, transfer_learning='LP', show=False, verbose=False, balanced_dataset=False, torch_compile=False, distributed=False, ray_tune='gridsearch', grace_period=4, num_samples_trials=3, gpus_per_trial=1)",12,val,False,0.001,0.9,0.0001
84b46_00062,0.594,0.497,21.5120632648468,True,,,12,6114c3e17dad4b64abbc45c4cc3f1031,2023-07-01_18-42-08,1688229728,252.99224138259888,131153,sfandres-ROG-Strix-G513QR,192.168.1.128,252.99224138259888,0,12,0.003748178482055664,"62_lr=0.0100,momentum=0.9000,weight_decay=0.0001","Namespace(model_name='Supervised', task_name='multiclass', backbone_name='resnet18', input_data=None, dataset_name='Sentinel2AndaluciaLULC', dataset_level='Level_N2', train_rate=1.0, epochs=12, learning_rate=0.01, save_every=5, batch_size=64, num_workers=2, ini_weights='imagenet', seed=42, dropout=None, transfer_learning='LP', show=False, verbose=False, balanced_dataset=False, torch_compile=False, distributed=False, ray_tune='gridsearch', grace_period=4, num_samples_trials=3, gpus_per_trial=1)",12,val,False,0.01,0.9,0.0001
84b46_00058,2.505,0.495,20.912037134170532,True,,,4,7baa1b94a6814b2c89fa85b8f488b3da,2023-07-01_18-33-30,1688229210,83.51469087600708,128988,sfandres-ROG-Strix-G513QR,192.168.1.128,83.51469087600708,0,4,0.0045549869537353516,"58_lr=0.0100,momentum=0.9900,weight_decay=0.0001","Namespace(model_name='Supervised', task_name='multiclass', backbone_name='resnet18', input_data=None, dataset_name='Sentinel2AndaluciaLULC', dataset_level='Level_N2', train_rate=1.0, epochs=12, learning_rate=0.01, save_every=5, batch_size=64, num_workers=2, ini_weights='imagenet', seed=42, dropout=None, transfer_learning='LP', show=False, verbose=False, balanced_dataset=False, torch_compile=False, distributed=False, ray_tune='gridsearch', grace_period=4, num_samples_trials=3, gpus_per_trial=1)",12,val,False,0.01,0.99,0.0001
84b46_00014,0.689,0.495,20.92475700378418,True,,,4,66fcdbb96a27477abcd0bf529c626ff8,2023-07-01_16-45-26,1688222726,82.15237498283386,89490,sfandres-ROG-Strix-G513QR,192.168.1.128,82.15237498283386,0,4,0.004012584686279297,"14_lr=0.0100,momentum=0.9000,weight_decay=0.0001","Namespace(model_name='Supervised', task_name='multiclass', backbone_name='resnet18', input_data=None, dataset_name='Sentinel2AndaluciaLULC', dataset_level='Level_N2', train_rate=1.0, epochs=12, learning_rate=0.01, save_every=5, batch_size=64, num_workers=2, ini_weights='imagenet', seed=42, dropout=None, transfer_learning='LP', show=False, verbose=False, balanced_dataset=False, torch_compile=False, distributed=False, ray_tune='gridsearch', grace_period=4, num_samples_trials=3, gpus_per_trial=1)",12,val,False,0.01,0.9,0.0001
84b46_00069,0.838,0.494,21.354363203048706,True,,,4,1eaf103c4b554f7eaf71387cb4f12f7f,2023-07-01_19-00-36,1688230836,84.6263792514801,138374,sfandres-ROG-Strix-G513QR,192.168.1.128,84.6263792514801,0,4,0.0032415390014648438,"69_lr=0.0010,momentum=0.9000,weight_decay=0.0000","Namespace(model_name='Supervised', task_name='multiclass', backbone_name='resnet18', input_data=None, dataset_name='Sentinel2AndaluciaLULC', dataset_level='Level_N2', train_rate=1.0, epochs=12, learning_rate=0.01, save_every=5, batch_size=64, num_workers=2, ini_weights='imagenet', seed=42, dropout=None, transfer_learning='LP', show=False, verbose=False, balanced_dataset=False, torch_compile=False, distributed=False, ray_tune='gridsearch', grace_period=4, num_samples_trials=3, gpus_per_trial=1)",12,val,False,0.001,0.9,1e-05
84b46_00022,0.615,0.493,21.185539484024048,True,,,12,dc5a96301cb348b49401b81c015448ef,2023-07-01_17-05-28,1688223928,254.8622109889984,95503,sfandres-ROG-Strix-G513QR,192.168.1.128,254.8622109889984,0,12,0.0039370059967041016,"22_lr=0.0100,momentum=0.9000,weight_decay=0.0000","Namespace(model_name='Supervised', task_name='multiclass', backbone_name='resnet18', input_data=None, dataset_name='Sentinel2AndaluciaLULC', dataset_level='Level_N2', train_rate=1.0, epochs=12, learning_rate=0.01, save_every=5, batch_size=64, num_workers=2, ini_weights='imagenet', seed=42, dropout=None, transfer_learning='LP', show=False, verbose=False, balanced_dataset=False, torch_compile=False, distributed=False, ray_tune='gridsearch', grace_period=4, num_samples_trials=3, gpus_per_trial=1)",12,val,False,0.01,0.9,1e-05
84b46_00029,0.838,0.493,20.913737058639526,True,,,4,a6bcc38da4a7492d846ae44225880dc8,2023-07-01_17-21-00,1688224860,82.01902770996094,101852,sfandres-ROG-Strix-G513QR,192.168.1.128,82.01902770996094,0,4,0.0037012100219726562,"29_lr=0.0010,momentum=0.9000,weight_decay=0","Namespace(model_name='Supervised', task_name='multiclass', backbone_name='resnet18', input_data=None, dataset_name='Sentinel2AndaluciaLULC', dataset_level='Level_N2', train_rate=1.0, epochs=12, learning_rate=0.01, save_every=5, batch_size=64, num_workers=2, ini_weights='imagenet', seed=42, dropout=None, transfer_learning='LP', show=False, verbose=False, balanced_dataset=False, torch_compile=False, distributed=False, ray_tune='gridsearch', grace_period=4, num_samples_trials=3, gpus_per_trial=1)",12,val,False,0.001,0.9,0.0
84b46_00017,0.578,0.493,21.20589828491211,True,,,12,f26a6870bc484f119fb53e9263aba482,2023-07-01_16-52-35,1688223155,253.13927555084229,91107,sfandres-ROG-Strix-G513QR,192.168.1.128,253.13927555084229,0,12,0.003758668899536133,"17_lr=0.0010,momentum=0.9900,weight_decay=0.0000","Namespace(model_name='Supervised', task_name='multiclass', backbone_name='resnet18', input_data=None, dataset_name='Sentinel2AndaluciaLULC', dataset_level='Level_N2', train_rate=1.0, epochs=12, learning_rate=0.01, save_every=5, batch_size=64, num_workers=2, ini_weights='imagenet', seed=42, dropout=None, transfer_learning='LP', show=False, verbose=False, balanced_dataset=False, torch_compile=False, distributed=False, ray_tune='gridsearch', grace_period=4, num_samples_trials=3, gpus_per_trial=1)",12,val,False,0.001,0.99,1e-05
84b46_00016,0.815,0.491,20.229215145111084,True,,,4,050b1559383c4d3792866533eb38624c,2023-07-01_16-48-18,1688222898,81.08776116371155,90578,sfandres-ROG-Strix-G513QR,192.168.1.128,81.08776116371155,0,4,0.004569053649902344,"16_lr=0.0001,momentum=0.9900,weight_decay=0.0000","Namespace(model_name='Supervised', task_name='multiclass', backbone_name='resnet18', input_data=None, dataset_name='Sentinel2AndaluciaLULC', dataset_level='Level_N2', train_rate=1.0, epochs=12, learning_rate=0.01, save_every=5, batch_size=64, num_workers=2, ini_weights='imagenet', seed=42, dropout=None, transfer_learning='LP', show=False, verbose=False, balanced_dataset=False, torch_compile=False, distributed=False, ray_tune='gridsearch', grace_period=4, num_samples_trials=3, gpus_per_trial=1)",12,val,False,0.0001,0.99,1e-05
84b46_00039,2.6,0.49,22.695753812789917,True,,,4,4ed1d7e01aa645c2a53eb8ab1c45293f,2023-07-01_17-49-01,1688226541,89.35994601249695,113013,sfandres-ROG-Strix-G513QR,192.168.1.128,89.35994601249695,0,4,0.002932310104370117,"39_lr=0.1000,momentum=0.9000,weight_decay=0.0001","Namespace(model_name='Supervised', task_name='multiclass', backbone_name='resnet18', input_data=None, dataset_name='Sentinel2AndaluciaLULC', dataset_level='Level_N2', train_rate=1.0, epochs=12, learning_rate=0.01, save_every=5, batch_size=64, num_workers=2, ini_weights='imagenet', seed=42, dropout=None, transfer_learning='LP', show=False, verbose=False, balanced_dataset=False, torch_compile=False, distributed=False, ray_tune='gridsearch', grace_period=4, num_samples_trials=3, gpus_per_trial=1)",12,val,False,0.1,0.9,0.0001
84b46_00009,0.688,0.486,20.987098932266235,True,,,4,8463e6a4609f423395ffbae44220ff41,2023-07-01_16-35-26,1688222126,83.18307614326477,85942,sfandres-ROG-Strix-G513QR,192.168.1.128,83.18307614326477,0,4,0.003837108612060547,"9_lr=0.0010,momentum=0.9900,weight_decay=0.0001","Namespace(model_name='Supervised', task_name='multiclass', backbone_name='resnet18', input_data=None, dataset_name='Sentinel2AndaluciaLULC', dataset_level='Level_N2', train_rate=1.0, epochs=12, learning_rate=0.01, save_every=5, batch_size=64, num_workers=2, ini_weights='imagenet', seed=42, dropout=None, transfer_learning='LP', show=False, verbose=False, balanced_dataset=False, torch_compile=False, distributed=False, ray_tune='gridsearch', grace_period=4, num_samples_trials=3, gpus_per_trial=1)",12,val,False,0.001,0.99,0.0001
84b46_00055,2.417,0.485,20.690125226974487,True,,,4,7af201529fdd44c4821e04160d86e5e3,2023-07-01_18-26-22,1688228782,81.6602942943573,126529,sfandres-ROG-Strix-G513QR,192.168.1.128,81.6602942943573,0,4,0.0042798519134521484,"55_lr=0.1000,momentum=0.9000,weight_decay=0","Namespace(model_name='Supervised', task_name='multiclass', backbone_name='resnet18', input_data=None, dataset_name='Sentinel2AndaluciaLULC', dataset_level='Level_N2', train_rate=1.0, epochs=12, learning_rate=0.01, save_every=5, batch_size=64, num_workers=2, ini_weights='imagenet', seed=42, dropout=None, transfer_learning='LP', show=False, verbose=False, balanced_dataset=False, torch_compile=False, distributed=False, ray_tune='gridsearch', grace_period=4, num_samples_trials=3, gpus_per_trial=1)",12,val,False,0.1,0.9,0.0
84b46_00071,2.818,0.484,21.48131012916565,True,,,4,56e6c91642d84d73a270f985e38cb650,2023-07-01_19-03-33,1688231013,83.74847340583801,139466,sfandres-ROG-Strix-G513QR,192.168.1.128,83.74847340583801,0,4,0.0038475990295410156,"71_lr=0.1000,momentum=0.9000,weight_decay=0.0000","Namespace(model_name='Supervised', task_name='multiclass', backbone_name='resnet18', input_data=None, dataset_name='Sentinel2AndaluciaLULC', dataset_level='Level_N2', train_rate=1.0, epochs=12, learning_rate=0.01, save_every=5, batch_size=64, num_workers=2, ini_weights='imagenet', seed=42, dropout=None, transfer_learning='LP', show=False, verbose=False, balanced_dataset=False, torch_compile=False, distributed=False, ray_tune='gridsearch', grace_period=4, num_samples_trials=3, gpus_per_trial=1)",12,val,False,0.1,0.9,1e-05
84b46_00032,0.835,0.481,21.419270277023315,True,,,4,ebb4835bc26640538afbc5203743e16a,2023-07-01_17-27-57,1688225277,82.33778762817383,104285,sfandres-ROG-Strix-G513QR,192.168.1.128,82.33778762817383,0,4,0.0032601356506347656,"32_lr=0.0001,momentum=0.9900,weight_decay=0.0001","Namespace(model_name='Supervised', task_name='multiclass', backbone_name='resnet18', input_data=None, dataset_name='Sentinel2AndaluciaLULC', dataset_level='Level_N2', train_rate=1.0, epochs=12, learning_rate=0.01, save_every=5, batch_size=64, num_workers=2, ini_weights='imagenet', seed=42, dropout=None, transfer_learning='LP', show=False, verbose=False, balanced_dataset=False, torch_compile=False, distributed=False, ray_tune='gridsearch', grace_period=4, num_samples_trials=3, gpus_per_trial=1)",12,val,False,0.0001,0.99,0.0001
84b46_00002,2.336,0.478,21.0684072971344,True,,,4,23f424c7a0e248cc886eb04598c5adbe,2023-07-01_16-16-51,1688221011,83.18668746948242,79518,sfandres-ROG-Strix-G513QR,192.168.1.128,83.18668746948242,0,4,0.002961397171020508,"2_lr=0.0100,momentum=0.9900,weight_decay=0","Namespace(model_name='Supervised', task_name='multiclass', backbone_name='resnet18', input_data=None, dataset_name='Sentinel2AndaluciaLULC', dataset_level='Level_N2', train_rate=1.0, epochs=12, learning_rate=0.01, save_every=5, batch_size=64, num_workers=2, ini_weights='imagenet', seed=42, dropout=None, transfer_learning='LP', show=False, verbose=False, balanced_dataset=False, torch_compile=False, distributed=False, ray_tune='gridsearch', grace_period=4, num_samples_trials=3, gpus_per_trial=1)",12,val,False,0.01,0.99,0.0
84b46_00026,1.951,0.478,21.037230253219604,True,,,12,23c0a4bf07ca4e099403191fed242a9a,2023-07-01_17-16-44,1688224604,244.78735446929932,99421,sfandres-ROG-Strix-G513QR,192.168.1.128,244.78735446929932,0,12,0.002796649932861328,"26_lr=0.0100,momentum=0.9900,weight_decay=0","Namespace(model_name='Supervised', task_name='multiclass', backbone_name='resnet18', input_data=None, dataset_name='Sentinel2AndaluciaLULC', dataset_level='Level_N2', train_rate=1.0, epochs=12, learning_rate=0.01, save_every=5, batch_size=64, num_workers=2, ini_weights='imagenet', seed=42, dropout=None, transfer_learning='LP', show=False, verbose=False, balanced_dataset=False, torch_compile=False, distributed=False, ray_tune='gridsearch', grace_period=4, num_samples_trials=3, gpus_per_trial=1)",12,val,False,0.01,0.99,0.0
84b46_00023,2.421,0.476,20.65532088279724,True,,,4,ebac0c765c134b6f94b68db23a60c5e6,2023-07-01_17-06-55,1688224015,83.1400191783905,96956,sfandres-ROG-Strix-G513QR,192.168.1.128,83.1400191783905,0,4,0.004044294357299805,"23_lr=0.1000,momentum=0.9000,weight_decay=0.0000","Namespace(model_name='Supervised', task_name='multiclass', backbone_name='resnet18', input_data=None, dataset_name='Sentinel2AndaluciaLULC', dataset_level='Level_N2', train_rate=1.0, epochs=12, learning_rate=0.01, save_every=5, batch_size=64, num_workers=2, ini_weights='imagenet', seed=42, dropout=None, transfer_learning='LP', show=False, verbose=False, balanced_dataset=False, torch_compile=False, distributed=False, ray_tune='gridsearch', grace_period=4, num_samples_trials=3, gpus_per_trial=1)",12,val,False,0.1,0.9,1e-05
84b46_00042,2.641,0.474,25.724738597869873,True,,,4,2740c31cefd94c9380ff6dfe0b57d757,2023-07-01_17-57-15,1688227035,102.17527389526367,116046,sfandres-ROG-Strix-G513QR,192.168.1.128,102.17527389526367,0,4,0.004228353500366211,"42_lr=0.0100,momentum=0.9900,weight_decay=0.0000","Namespace(model_name='Supervised', task_name='multiclass', backbone_name='resnet18', input_data=None, dataset_name='Sentinel2AndaluciaLULC', dataset_level='Level_N2', train_rate=1.0, epochs=12, learning_rate=0.01, save_every=5, batch_size=64, num_workers=2, ini_weights='imagenet', seed=42, dropout=None, transfer_learning='LP', show=False, verbose=False, balanced_dataset=False, torch_compile=False, distributed=False, ray_tune='gridsearch', grace_period=4, num_samples_trials=3, gpus_per_trial=1)",12,val,False,0.01,0.99,1e-05
84b46_00043,31.744,0.473,22.083811283111572,True,,,4,3fa27823301f44dba2dc18e473fefbba,2023-07-01_17-58-51,1688227131,91.38369369506836,116659,sfandres-ROG-Strix-G513QR,192.168.1.128,91.38369369506836,0,4,0.0031890869140625,"43_lr=0.1000,momentum=0.9900,weight_decay=0.0000","Namespace(model_name='Supervised', task_name='multiclass', backbone_name='resnet18', input_data=None, dataset_name='Sentinel2AndaluciaLULC', dataset_level='Level_N2', train_rate=1.0, epochs=12, learning_rate=0.01, save_every=5, batch_size=64, num_workers=2, ini_weights='imagenet', seed=42, dropout=None, transfer_learning='LP', show=False, verbose=False, balanced_dataset=False, torch_compile=False, distributed=False, ray_tune='gridsearch', grace_period=4, num_samples_trials=3, gpus_per_trial=1)",12,val,False,0.1,0.99,1e-05
84b46_00003,20.572,0.469,21.544293642044067,True,,,4,740b125b55b04c079ad5cd8c49100f65,2023-07-01_16-18-20,1688221100,85.26100611686707,80120,sfandres-ROG-Strix-G513QR,192.168.1.128,85.26100611686707,0,4,0.0037145614624023438,"3_lr=0.1000,momentum=0.9900,weight_decay=0","Namespace(model_name='Supervised', task_name='multiclass', backbone_name='resnet18', input_data=None, dataset_name='Sentinel2AndaluciaLULC', dataset_level='Level_N2', train_rate=1.0, epochs=12, learning_rate=0.01, save_every=5, batch_size=64, num_workers=2, ini_weights='imagenet', seed=42, dropout=None, transfer_learning='LP', show=False, verbose=False, balanced_dataset=False, torch_compile=False, distributed=False, ray_tune='gridsearch', grace_period=4, num_samples_trials=3, gpus_per_trial=1)",12,val,False,0.1,0.99,0.0
84b46_00025,0.616,0.468,21.136614561080933,True,,,12,27ba97f0e3174c5eb0a278849e26bb29,2023-07-01_17-12-36,1688224356,252.22567129135132,98024,sfandres-ROG-Strix-G513QR,192.168.1.128,252.22567129135132,0,12,0.003346681594848633,"25_lr=0.0010,momentum=0.9900,weight_decay=0","Namespace(model_name='Supervised', task_name='multiclass', backbone_name='resnet18', input_data=None, dataset_name='Sentinel2AndaluciaLULC', dataset_level='Level_N2', train_rate=1.0, epochs=12, learning_rate=0.01, save_every=5, batch_size=64, num_workers=2, ini_weights='imagenet', seed=42, dropout=None, transfer_learning='LP', show=False, verbose=False, balanced_dataset=False, torch_compile=False, distributed=False, ray_tune='gridsearch', grace_period=4, num_samples_trials=3, gpus_per_trial=1)",12,val,False,0.001,0.99,0.0
84b46_00066,2.066,0.465,20.53516435623169,True,,,4,df5dfc329f9646929310e8aa8e776ba0,2023-07-01_18-56-11,1688230571,81.54504656791687,136757,sfandres-ROG-Strix-G513QR,192.168.1.128,81.54504656791687,0,4,0.0032634735107421875,"66_lr=0.0100,momentum=0.9900,weight_decay=0.0000","Namespace(model_name='Supervised', task_name='multiclass', backbone_name='resnet18', input_data=None, dataset_name='Sentinel2AndaluciaLULC', dataset_level='Level_N2', train_rate=1.0, epochs=12, learning_rate=0.01, save_every=5, batch_size=64, num_workers=2, ini_weights='imagenet', seed=42, dropout=None, transfer_learning='LP', show=False, verbose=False, balanced_dataset=False, torch_compile=False, distributed=False, ray_tune='gridsearch', grace_period=4, num_samples_trials=3, gpus_per_trial=1)",12,val,False,0.01,0.99,1e-05
84b46_00067,23.641,0.46,21.62037181854248,True,,,4,74a015b68b074251ab331db7ce50207d,2023-07-01_18-57-40,1688230660,85.65669298171997,137296,sfandres-ROG-Strix-G513QR,192.168.1.128,85.65669298171997,0,4,0.0029571056365966797,"67_lr=0.1000,momentum=0.9900,weight_decay=0.0000","Namespace(model_name='Supervised', task_name='multiclass', backbone_name='resnet18', input_data=None, dataset_name='Sentinel2AndaluciaLULC', dataset_level='Level_N2', train_rate=1.0, epochs=12, learning_rate=0.01, save_every=5, batch_size=64, num_workers=2, ini_weights='imagenet', seed=42, dropout=None, transfer_learning='LP', show=False, verbose=False, balanced_dataset=False, torch_compile=False, distributed=False, ray_tune='gridsearch', grace_period=4, num_samples_trials=3, gpus_per_trial=1)",12,val,False,0.1,0.99,1e-05
84b46_00018,2.582,0.447,20.892883777618408,True,,,4,19c3ad36f5b34a5a8aa7c5e321f8754f,2023-07-01_16-54-02,1688223242,83.25655937194824,92520,sfandres-ROG-Strix-G513QR,192.168.1.128,83.25655937194824,0,4,0.003638744354248047,"18_lr=0.0100,momentum=0.9900,weight_decay=0.0000","Namespace(model_name='Supervised', task_name='multiclass', backbone_name='resnet18', input_data=None, dataset_name='Sentinel2AndaluciaLULC', dataset_level='Level_N2', train_rate=1.0, epochs=12, learning_rate=0.01, save_every=5, batch_size=64, num_workers=2, ini_weights='imagenet', seed=42, dropout=None, transfer_learning='LP', show=False, verbose=False, balanced_dataset=False, torch_compile=False, distributed=False, ray_tune='gridsearch', grace_period=4, num_samples_trials=3, gpus_per_trial=1)",12,val,False,0.01,0.99,1e-05
84b46_00047,2.477,0.446,22.025325298309326,True,,,4,a36a148f650847828aebd94be053f0eb,2023-07-01_18-08-01,1688227681,88.03996014595032,119954,sfandres-ROG-Strix-G513QR,192.168.1.128,88.03996014595032,0,4,0.004383087158203125,"47_lr=0.1000,momentum=0.9000,weight_decay=0.0000","Namespace(model_name='Supervised', task_name='multiclass', backbone_name='resnet18', input_data=None, dataset_name='Sentinel2AndaluciaLULC', dataset_level='Level_N2', train_rate=1.0, epochs=12, learning_rate=0.01, save_every=5, batch_size=64, num_workers=2, ini_weights='imagenet', seed=42, dropout=None, transfer_learning='LP', show=False, verbose=False, balanced_dataset=False, torch_compile=False, distributed=False, ray_tune='gridsearch', grace_period=4, num_samples_trials=3, gpus_per_trial=1)",12,val,False,0.1,0.9,1e-05
84b46_00034,2.4,0.438,25.77571725845337,True,,,4,50bc2982798849ab895016a276a45fcc,2023-07-01_17-34-36,1688225676,100.08195948600769,107782,sfandres-ROG-Strix-G513QR,192.168.1.128,100.08195948600769,0,4,0.002740621566772461,"34_lr=0.0100,momentum=0.9900,weight_decay=0.0001","Namespace(model_name='Supervised', task_name='multiclass', backbone_name='resnet18', input_data=None, dataset_name='Sentinel2AndaluciaLULC', dataset_level='Level_N2', train_rate=1.0, epochs=12, learning_rate=0.01, save_every=5, batch_size=64, num_workers=2, ini_weights='imagenet', seed=42, dropout=None, transfer_learning='LP', show=False, verbose=False, balanced_dataset=False, torch_compile=False, distributed=False, ray_tune='gridsearch', grace_period=4, num_samples_trials=3, gpus_per_trial=1)",12,val,False,0.01,0.99,0.0001
84b46_00004,1.346,0.437,20.456707000732422,True,,,4,6b63bac19c624bde88f97c4951237462,2023-07-01_16-19-45,1688221185,81.21821856498718,80657,sfandres-ROG-Strix-G513QR,192.168.1.128,81.21821856498718,0,4,0.002908468246459961,"4_lr=0.0001,momentum=0.9000,weight_decay=0","Namespace(model_name='Supervised', task_name='multiclass', backbone_name='resnet18', input_data=None, dataset_name='Sentinel2AndaluciaLULC', dataset_level='Level_N2', train_rate=1.0, epochs=12, learning_rate=0.01, save_every=5, batch_size=64, num_workers=2, ini_weights='imagenet', seed=42, dropout=None, transfer_learning='LP', show=False, verbose=False, balanced_dataset=False, torch_compile=False, distributed=False, ray_tune='gridsearch', grace_period=4, num_samples_trials=3, gpus_per_trial=1)",12,val,False,0.0001,0.9,0.0
84b46_00035,24.45,0.433,23.49571657180786,True,,,4,211917a9dc004df59771b7fdf7fdabb0,2023-07-01_17-36-09,1688225769,88.48920106887817,108435,sfandres-ROG-Strix-G513QR,192.168.1.128,88.48920106887817,0,4,0.0029206275939941406,"35_lr=0.1000,momentum=0.9900,weight_decay=0.0001","Namespace(model_name='Supervised', task_name='multiclass', backbone_name='resnet18', input_data=None, dataset_name='Sentinel2AndaluciaLULC', dataset_level='Level_N2', train_rate=1.0, epochs=12, learning_rate=0.01, save_every=5, batch_size=64, num_workers=2, ini_weights='imagenet', seed=42, dropout=None, transfer_learning='LP', show=False, verbose=False, balanced_dataset=False, torch_compile=False, distributed=False, ray_tune='gridsearch', grace_period=4, num_samples_trials=3, gpus_per_trial=1)",12,val,False,0.1,0.99,0.0001
84b46_00027,29.003,0.433,19.95716381072998,True,,,4,71f5fa28d3c149a99b1029390af18b9c,2023-07-01_17-18-09,1688224689,80.10714673995972,100807,sfandres-ROG-Strix-G513QR,192.168.1.128,80.10714673995972,0,4,0.00441741943359375,"27_lr=0.1000,momentum=0.9900,weight_decay=0","Namespace(model_name='Supervised', task_name='multiclass', backbone_name='resnet18', input_data=None, dataset_name='Sentinel2AndaluciaLULC', dataset_level='Level_N2', train_rate=1.0, epochs=12, learning_rate=0.01, save_every=5, batch_size=64, num_workers=2, ini_weights='imagenet', seed=42, dropout=None, transfer_learning='LP', show=False, verbose=False, balanced_dataset=False, torch_compile=False, distributed=False, ray_tune='gridsearch', grace_period=4, num_samples_trials=3, gpus_per_trial=1)",12,val,False,0.1,0.99,0.0
84b46_00052,1.361,0.431,19.661717414855957,True,,,4,06301be3233043209cb9ad38b7b18a22,2023-07-01_18-19-11,1688228351,80.6731219291687,124019,sfandres-ROG-Strix-G513QR,192.168.1.128,80.6731219291687,0,4,0.00444340705871582,"52_lr=0.0001,momentum=0.9000,weight_decay=0","Namespace(model_name='Supervised', task_name='multiclass', backbone_name='resnet18', input_data=None, dataset_name='Sentinel2AndaluciaLULC', dataset_level='Level_N2', train_rate=1.0, epochs=12, learning_rate=0.01, save_every=5, batch_size=64, num_workers=2, ini_weights='imagenet', seed=42, dropout=None, transfer_learning='LP', show=False, verbose=False, balanced_dataset=False, torch_compile=False, distributed=False, ray_tune='gridsearch', grace_period=4, num_samples_trials=3, gpus_per_trial=1)",12,val,False,0.0001,0.9,0.0
84b46_00060,1.369,0.43,21.273345232009888,True,,,4,ee478445d3d3455b898bfa3b2ef3ca1b,2023-07-01_18-36-26,1688229386,85.1526529788971,130069,sfandres-ROG-Strix-G513QR,192.168.1.128,85.1526529788971,0,4,0.004047870635986328,"60_lr=0.0001,momentum=0.9000,weight_decay=0.0001","Namespace(model_name='Supervised', task_name='multiclass', backbone_name='resnet18', input_data=None, dataset_name='Sentinel2AndaluciaLULC', dataset_level='Level_N2', train_rate=1.0, epochs=12, learning_rate=0.01, save_every=5, batch_size=64, num_workers=2, ini_weights='imagenet', seed=42, dropout=None, transfer_learning='LP', show=False, verbose=False, balanced_dataset=False, torch_compile=False, distributed=False, ray_tune='gridsearch', grace_period=4, num_samples_trials=3, gpus_per_trial=1)",12,val,False,0.0001,0.9,0.0001
84b46_00012,1.354,0.429,20.096182107925415,True,,,4,7f974d0a97d349a08dffc49fc76a8ca5,2023-07-01_16-39-45,1688222385,82.23516988754272,87561,sfandres-ROG-Strix-G513QR,192.168.1.128,82.23516988754272,0,4,0.0032694339752197266,"12_lr=0.0001,momentum=0.9000,weight_decay=0.0001","Namespace(model_name='Supervised', task_name='multiclass', backbone_name='resnet18', input_data=None, dataset_name='Sentinel2AndaluciaLULC', dataset_level='Level_N2', train_rate=1.0, epochs=12, learning_rate=0.01, save_every=5, batch_size=64, num_workers=2, ini_weights='imagenet', seed=42, dropout=None, transfer_learning='LP', show=False, verbose=False, balanced_dataset=False, torch_compile=False, distributed=False, ray_tune='gridsearch', grace_period=4, num_samples_trials=3, gpus_per_trial=1)",12,val,False,0.0001,0.9,0.0001
84b46_00036,1.369,0.429,23.526384830474854,True,,,4,50a1eedb815949409b0d61966b82d71f,2023-07-01_17-37-54,1688225874,100.55399441719055,109031,sfandres-ROG-Strix-G513QR,192.168.1.128,100.55399441719055,0,4,0.0032982826232910156,"36_lr=0.0001,momentum=0.9000,weight_decay=0.0001","Namespace(model_name='Supervised', task_name='multiclass', backbone_name='resnet18', input_data=None, dataset_name='Sentinel2AndaluciaLULC', dataset_level='Level_N2', train_rate=1.0, epochs=12, learning_rate=0.01, save_every=5, batch_size=64, num_workers=2, ini_weights='imagenet', seed=42, dropout=None, transfer_learning='LP', show=False, verbose=False, balanced_dataset=False, torch_compile=False, distributed=False, ray_tune='gridsearch', grace_period=4, num_samples_trials=3, gpus_per_trial=1)",12,val,False,0.0001,0.9,0.0001
84b46_00051,24.932,0.428,23.31547784805298,True,,,4,70eb9b1bd38c4a37b838c17dd6ce2580,2023-07-01_18-17-46,1688228266,97.47641491889954,123365,sfandres-ROG-Strix-G513QR,192.168.1.128,97.47641491889954,0,4,0.0029671192169189453,"51_lr=0.1000,momentum=0.9900,weight_decay=0","Namespace(model_name='Supervised', task_name='multiclass', backbone_name='resnet18', input_data=None, dataset_name='Sentinel2AndaluciaLULC', dataset_level='Level_N2', train_rate=1.0, epochs=12, learning_rate=0.01, save_every=5, batch_size=64, num_workers=2, ini_weights='imagenet', seed=42, dropout=None, transfer_learning='LP', show=False, verbose=False, balanced_dataset=False, torch_compile=False, distributed=False, ray_tune='gridsearch', grace_period=4, num_samples_trials=3, gpus_per_trial=1)",12,val,False,0.1,0.99,0.0
84b46_00020,1.37,0.428,19.87996482849121,True,,,4,33a2ead1fd4a4e3fba473e7f8ad19c58,2023-07-01_16-56-53,1688223413,80.01292562484741,93574,sfandres-ROG-Strix-G513QR,192.168.1.128,80.01292562484741,0,4,0.003126382827758789,"20_lr=0.0001,momentum=0.9000,weight_decay=0.0000","Namespace(model_name='Supervised', task_name='multiclass', backbone_name='resnet18', input_data=None, dataset_name='Sentinel2AndaluciaLULC', dataset_level='Level_N2', train_rate=1.0, epochs=12, learning_rate=0.01, save_every=5, batch_size=64, num_workers=2, ini_weights='imagenet', seed=42, dropout=None, transfer_learning='LP', show=False, verbose=False, balanced_dataset=False, torch_compile=False, distributed=False, ray_tune='gridsearch', grace_period=4, num_samples_trials=3, gpus_per_trial=1)",12,val,False,0.0001,0.9,1e-05
84b46_00044,1.361,0.427,21.94906449317932,True,,,4,ddcf90d8bb984e6e97dfb79d4f372b94,2023-07-01_18-00-23,1688227223,87.5495936870575,117256,sfandres-ROG-Strix-G513QR,192.168.1.128,87.5495936870575,0,4,0.0030100345611572266,"44_lr=0.0001,momentum=0.9000,weight_decay=0.0000","Namespace(model_name='Supervised', task_name='multiclass', backbone_name='resnet18', input_data=None, dataset_name='Sentinel2AndaluciaLULC', dataset_level='Level_N2', train_rate=1.0, epochs=12, learning_rate=0.01, save_every=5, batch_size=64, num_workers=2, ini_weights='imagenet', seed=42, dropout=None, transfer_learning='LP', show=False, verbose=False, balanced_dataset=False, torch_compile=False, distributed=False, ray_tune='gridsearch', grace_period=4, num_samples_trials=3, gpus_per_trial=1)",12,val,False,0.0001,0.9,1e-05
84b46_00028,1.359,0.425,20.389219045639038,True,,,4,0c78f4c179e74d28a9363c5191fa1c90,2023-07-01_17-19-34,1688224774,81.44009613990784,101331,sfandres-ROG-Strix-G513QR,192.168.1.128,81.44009613990784,0,4,0.003681182861328125,"28_lr=0.0001,momentum=0.9000,weight_decay=0","Namespace(model_name='Supervised', task_name='multiclass', backbone_name='resnet18', input_data=None, dataset_name='Sentinel2AndaluciaLULC', dataset_level='Level_N2', train_rate=1.0, epochs=12, learning_rate=0.01, save_every=5, batch_size=64, num_workers=2, ini_weights='imagenet', seed=42, dropout=None, transfer_learning='LP', show=False, verbose=False, balanced_dataset=False, torch_compile=False, distributed=False, ray_tune='gridsearch', grace_period=4, num_samples_trials=3, gpus_per_trial=1)",12,val,False,0.0001,0.9,0.0
84b46_00068,1.35,0.425,21.08845019340515,True,,,4,59f66e14a9d44736982c204c9c6c66fc,2023-07-01_18-59-08,1688230748,82.91118454933167,137846,sfandres-ROG-Strix-G513QR,192.168.1.128,82.91118454933167,0,4,0.003938436508178711,"68_lr=0.0001,momentum=0.9000,weight_decay=0.0000","Namespace(model_name='Supervised', task_name='multiclass', backbone_name='resnet18', input_data=None, dataset_name='Sentinel2AndaluciaLULC', dataset_level='Level_N2', train_rate=1.0, epochs=12, learning_rate=0.01, save_every=5, batch_size=64, num_workers=2, ini_weights='imagenet', seed=42, dropout=None, transfer_learning='LP', show=False, verbose=False, balanced_dataset=False, torch_compile=False, distributed=False, ray_tune='gridsearch', grace_period=4, num_samples_trials=3, gpus_per_trial=1)",12,val,False,0.0001,0.9,1e-05
84b46_00059,20.154,0.424,20.939701557159424,True,,,4,1795ad7ab5fe4e53ab1afc562d191c63,2023-07-01_18-34-56,1688229296,83.04032492637634,129533,sfandres-ROG-Strix-G513QR,192.168.1.128,83.04032492637634,0,4,0.003706693649291992,"59_lr=0.1000,momentum=0.9900,weight_decay=0.0001","Namespace(model_name='Supervised', task_name='multiclass', backbone_name='resnet18', input_data=None, dataset_name='Sentinel2AndaluciaLULC', dataset_level='Level_N2', train_rate=1.0, epochs=12, learning_rate=0.01, save_every=5, batch_size=64, num_workers=2, ini_weights='imagenet', seed=42, dropout=None, transfer_learning='LP', show=False, verbose=False, balanced_dataset=False, torch_compile=False, distributed=False, ray_tune='gridsearch', grace_period=4, num_samples_trials=3, gpus_per_trial=1)",12,val,False,0.1,0.99,0.0001
84b46_00010,2.221,0.423,20.5019371509552,True,,,4,a849ec82366f4ae08bf13166e3680859,2023-07-01_16-36-54,1688222214,83.7822196483612,86480,sfandres-ROG-Strix-G513QR,192.168.1.128,83.7822196483612,0,4,0.003884553909301758,"10_lr=0.0100,momentum=0.9900,weight_decay=0.0001","Namespace(model_name='Supervised', task_name='multiclass', backbone_name='resnet18', input_data=None, dataset_name='Sentinel2AndaluciaLULC', dataset_level='Level_N2', train_rate=1.0, epochs=12, learning_rate=0.01, save_every=5, batch_size=64, num_workers=2, ini_weights='imagenet', seed=42, dropout=None, transfer_learning='LP', show=False, verbose=False, balanced_dataset=False, torch_compile=False, distributed=False, ray_tune='gridsearch', grace_period=4, num_samples_trials=3, gpus_per_trial=1)",12,val,False,0.01,0.99,0.0001
84b46_00019,27.517,0.417,20.984959840774536,True,,,4,f06d4962682a430183dd122d385ef26a,2023-07-01_16-55-29,1688223329,83.01138806343079,93047,sfandres-ROG-Strix-G513QR,192.168.1.128,83.01138806343079,0,4,0.004580497741699219,"19_lr=0.1000,momentum=0.9900,weight_decay=0.0000","Namespace(model_name='Supervised', task_name='multiclass', backbone_name='resnet18', input_data=None, dataset_name='Sentinel2AndaluciaLULC', dataset_level='Level_N2', train_rate=1.0, epochs=12, learning_rate=0.01, save_every=5, batch_size=64, num_workers=2, ini_weights='imagenet', seed=42, dropout=None, transfer_learning='LP', show=False, verbose=False, balanced_dataset=False, torch_compile=False, distributed=False, ray_tune='gridsearch', grace_period=4, num_samples_trials=3, gpus_per_trial=1)",12,val,False,0.1,0.99,1e-05
84b46_00007,2.419,0.417,21.112671852111816,True,,,4,a43d349d658e4a9ba3aeba6ed3bfcb2b,2023-07-01_16-29-46,1688221786,83.59300327301025,84008,sfandres-ROG-Strix-G513QR,192.168.1.128,83.59300327301025,0,4,0.0032508373260498047,"7_lr=0.1000,momentum=0.9000,weight_decay=0","Namespace(model_name='Supervised', task_name='multiclass', backbone_name='resnet18', input_data=None, dataset_name='Sentinel2AndaluciaLULC', dataset_level='Level_N2', train_rate=1.0, epochs=12, learning_rate=0.01, save_every=5, batch_size=64, num_workers=2, ini_weights='imagenet', seed=42, dropout=None, transfer_learning='LP', show=False, verbose=False, balanced_dataset=False, torch_compile=False, distributed=False, ray_tune='gridsearch', grace_period=4, num_samples_trials=3, gpus_per_trial=1)",12,val,False,0.1,0.9,0.0
84b46_00015,2.871,0.4,20.770421981811523,True,,,4,8492acd4c9e14398a9ff6569e8c4ca7f,2023-07-01_16-46-53,1688222813,82.88302373886108,90033,sfandres-ROG-Strix-G513QR,192.168.1.128,82.88302373886108,0,4,0.003724336624145508,"15_lr=0.1000,momentum=0.9000,weight_decay=0.0001","Namespace(model_name='Supervised', task_name='multiclass', backbone_name='resnet18', input_data=None, dataset_name='Sentinel2AndaluciaLULC', dataset_level='Level_N2', train_rate=1.0, epochs=12, learning_rate=0.01, save_every=5, batch_size=64, num_workers=2, ini_weights='imagenet', seed=42, dropout=None, transfer_learning='LP', show=False, verbose=False, balanced_dataset=False, torch_compile=False, distributed=False, ray_tune='gridsearch', grace_period=4, num_samples_trials=3, gpus_per_trial=1)",12,val,False,0.1,0.9,0.0001
84b46_00031,2.482,0.399,20.476701021194458,True,,,4,98d4939462d345a083f8e3bef3987cf6,2023-07-01_17-26-31,1688225191,82.24387836456299,103752,sfandres-ROG-Strix-G513QR,192.168.1.128,82.24387836456299,0,4,0.002875089645385742,"31_lr=0.1000,momentum=0.9000,weight_decay=0","Namespace(model_name='Supervised', task_name='multiclass', backbone_name='resnet18', input_data=None, dataset_name='Sentinel2AndaluciaLULC', dataset_level='Level_N2', train_rate=1.0, epochs=12, learning_rate=0.01, save_every=5, batch_size=64, num_workers=2, ini_weights='imagenet', seed=42, dropout=None, transfer_learning='LP', show=False, verbose=False, balanced_dataset=False, torch_compile=False, distributed=False, ray_tune='gridsearch', grace_period=4, num_samples_trials=3, gpus_per_trial=1)",12,val,False,0.1,0.9,0.0
84b46_00050,2.19,0.36,25.67414116859436,True,,,4,eac15ca46c974eccbe8a5fa87d8f1f16,2023-07-01_18-16-03,1688228163,96.22709560394287,122744,sfandres-ROG-Strix-G513QR,192.168.1.128,96.22709560394287,0,4,0.0028028488159179688,"50_lr=0.0100,momentum=0.9900,weight_decay=0","Namespace(model_name='Supervised', task_name='multiclass', backbone_name='resnet18', input_data=None, dataset_name='Sentinel2AndaluciaLULC', dataset_level='Level_N2', train_rate=1.0, epochs=12, learning_rate=0.01, save_every=5, batch_size=64, num_workers=2, ini_weights='imagenet', seed=42, dropout=None, transfer_learning='LP', show=False, verbose=False, balanced_dataset=False, torch_compile=False, distributed=False, ray_tune='gridsearch', grace_period=4, num_samples_trials=3, gpus_per_trial=1)",12,val,False,0.01,0.99,0.0
