trial_id,loss,rmse,time_this_iter_s,done,timesteps_total,episodes_total,training_iteration,experiment_id,date,timestamp,time_total_s,pid,hostname,node_ip,time_since_restore,timesteps_since_restore,iterations_since_restore,warmup_time,experiment_tag,config/args,config/epochs,config/accuracy,config/save_csv,config/lr,config/momentum,config/weight_decay
b518e_00039,0.232,0.126,6.086014747619629,True,,,12,e17e5de090a14396a6342b3d4a86de7d,2023-06-28_19-22-13,1687972933,70.96114110946655,368856,sfandres-ROG-Strix-G513QR,192.168.1.140,70.96114110946655,0,12,0.0031747817993164062,"39_lr=0.1000,momentum=0.9000,weight_decay=0.0001","Namespace(model_name='Supervised', task_name='multilabel', backbone_name='resnet18', input_data=None, dataset_name='Sentinel2AndaluciaLULC', dataset_level='Level_N2', train_rate=0.05, epochs=12, learning_rate=0.01, save_every=5, batch_size=64, num_workers=2, ini_weights='random', seed=42, dropout=None, transfer_learning='LP', show=False, verbose=False, balanced_dataset=False, torch_compile=False, distributed=False, ray_tune='gridsearch', grace_period=4, num_samples_trials=3, gpus_per_trial=1)",12,val,False,0.1,0.9,0.0001
b518e_00047,0.229,0.126,6.158760070800781,True,,,12,a963fb2b69804e388effcc09aa159401,2023-06-28_19-27-26,1687973246,70.7913556098938,372305,sfandres-ROG-Strix-G513QR,192.168.1.140,70.7913556098938,0,12,0.004441022872924805,"47_lr=0.1000,momentum=0.9000,weight_decay=0.0000","Namespace(model_name='Supervised', task_name='multilabel', backbone_name='resnet18', input_data=None, dataset_name='Sentinel2AndaluciaLULC', dataset_level='Level_N2', train_rate=0.05, epochs=12, learning_rate=0.01, save_every=5, batch_size=64, num_workers=2, ini_weights='random', seed=42, dropout=None, transfer_learning='LP', show=False, verbose=False, balanced_dataset=False, torch_compile=False, distributed=False, ray_tune='gridsearch', grace_period=4, num_samples_trials=3, gpus_per_trial=1)",12,val,False,0.1,0.9,1e-05
b518e_00071,0.23,0.127,6.035863399505615,True,,,12,16f5781c45c54cf3a44f570fadd1f383,2023-06-28_19-43-54,1687974234,70.96239972114563,383029,sfandres-ROG-Strix-G513QR,192.168.1.140,70.96239972114563,0,12,0.0030298233032226562,"71_lr=0.1000,momentum=0.9000,weight_decay=0.0000","Namespace(model_name='Supervised', task_name='multilabel', backbone_name='resnet18', input_data=None, dataset_name='Sentinel2AndaluciaLULC', dataset_level='Level_N2', train_rate=0.05, epochs=12, learning_rate=0.01, save_every=5, batch_size=64, num_workers=2, ini_weights='random', seed=42, dropout=None, transfer_learning='LP', show=False, verbose=False, balanced_dataset=False, torch_compile=False, distributed=False, ray_tune='gridsearch', grace_period=4, num_samples_trials=3, gpus_per_trial=1)",12,val,False,0.1,0.9,1e-05
b518e_00063,0.232,0.127,6.048625946044922,True,,,12,38b5d643ef264a79aa054032bb7de11e,2023-06-28_19-38-41,1687973921,70.00561857223511,379606,sfandres-ROG-Strix-G513QR,192.168.1.140,70.00561857223511,0,12,0.003985881805419922,"63_lr=0.1000,momentum=0.9000,weight_decay=0.0001","Namespace(model_name='Supervised', task_name='multilabel', backbone_name='resnet18', input_data=None, dataset_name='Sentinel2AndaluciaLULC', dataset_level='Level_N2', train_rate=0.05, epochs=12, learning_rate=0.01, save_every=5, batch_size=64, num_workers=2, ini_weights='random', seed=42, dropout=None, transfer_learning='LP', show=False, verbose=False, balanced_dataset=False, torch_compile=False, distributed=False, ray_tune='gridsearch', grace_period=4, num_samples_trials=3, gpus_per_trial=1)",12,val,False,0.1,0.9,0.0001
b518e_00055,0.229,0.127,5.997521162033081,True,,,12,61e7b95b9b2b4ea6af55beb1945711ed,2023-06-28_19-32-40,1687973560,70.67146897315979,375751,sfandres-ROG-Strix-G513QR,192.168.1.140,70.67146897315979,0,12,0.004467964172363281,"55_lr=0.1000,momentum=0.9000,weight_decay=0","Namespace(model_name='Supervised', task_name='multilabel', backbone_name='resnet18', input_data=None, dataset_name='Sentinel2AndaluciaLULC', dataset_level='Level_N2', train_rate=0.05, epochs=12, learning_rate=0.01, save_every=5, batch_size=64, num_workers=2, ini_weights='random', seed=42, dropout=None, transfer_learning='LP', show=False, verbose=False, balanced_dataset=False, torch_compile=False, distributed=False, ray_tune='gridsearch', grace_period=4, num_samples_trials=3, gpus_per_trial=1)",12,val,False,0.1,0.9,0.0
b518e_00031,0.233,0.128,5.976257562637329,True,,,12,7a249de647414db2ab574c275742b157,2023-06-28_19-16-10,1687972570,70.64524221420288,364972,sfandres-ROG-Strix-G513QR,192.168.1.140,70.64524221420288,0,12,0.0034279823303222656,"31_lr=0.1000,momentum=0.9000,weight_decay=0","Namespace(model_name='Supervised', task_name='multilabel', backbone_name='resnet18', input_data=None, dataset_name='Sentinel2AndaluciaLULC', dataset_level='Level_N2', train_rate=0.05, epochs=12, learning_rate=0.01, save_every=5, batch_size=64, num_workers=2, ini_weights='random', seed=42, dropout=None, transfer_learning='LP', show=False, verbose=False, balanced_dataset=False, torch_compile=False, distributed=False, ray_tune='gridsearch', grace_period=4, num_samples_trials=3, gpus_per_trial=1)",12,val,False,0.1,0.9,0.0
b518e_00007,0.234,0.128,5.773180723190308,True,,,12,59c103d2241a44bab12a69c718afa888,2023-06-28_18-57-38,1687971458,68.45342707633972,352932,sfandres-ROG-Strix-G513QR,192.168.1.140,68.45342707633972,0,12,0.004152774810791016,"7_lr=0.1000,momentum=0.9000,weight_decay=0","Namespace(model_name='Supervised', task_name='multilabel', backbone_name='resnet18', input_data=None, dataset_name='Sentinel2AndaluciaLULC', dataset_level='Level_N2', train_rate=0.05, epochs=12, learning_rate=0.01, save_every=5, batch_size=64, num_workers=2, ini_weights='random', seed=42, dropout=None, transfer_learning='LP', show=False, verbose=False, balanced_dataset=False, torch_compile=False, distributed=False, ray_tune='gridsearch', grace_period=4, num_samples_trials=3, gpus_per_trial=1)",12,val,False,0.1,0.9,0.0
b518e_00015,0.237,0.129,5.671380519866943,True,,,12,be607f1965974067917e2c6c7ba327a4,2023-06-28_19-04-10,1687971850,67.7893078327179,357268,sfandres-ROG-Strix-G513QR,192.168.1.140,67.7893078327179,0,12,0.004416942596435547,"15_lr=0.1000,momentum=0.9000,weight_decay=0.0001","Namespace(model_name='Supervised', task_name='multilabel', backbone_name='resnet18', input_data=None, dataset_name='Sentinel2AndaluciaLULC', dataset_level='Level_N2', train_rate=0.05, epochs=12, learning_rate=0.01, save_every=5, batch_size=64, num_workers=2, ini_weights='random', seed=42, dropout=None, transfer_learning='LP', show=False, verbose=False, balanced_dataset=False, torch_compile=False, distributed=False, ray_tune='gridsearch', grace_period=4, num_samples_trials=3, gpus_per_trial=1)",12,val,False,0.1,0.9,0.0001
b518e_00023,0.238,0.136,5.558867454528809,True,,,12,2a926627ace14732974fae773659a6a7,2023-06-28_19-10-08,1687972208,69.11116147041321,361090,sfandres-ROG-Strix-G513QR,192.168.1.140,69.11116147041321,0,12,0.004067420959472656,"23_lr=0.1000,momentum=0.9000,weight_decay=0.0000","Namespace(model_name='Supervised', task_name='multilabel', backbone_name='resnet18', input_data=None, dataset_name='Sentinel2AndaluciaLULC', dataset_level='Level_N2', train_rate=0.05, epochs=12, learning_rate=0.01, save_every=5, batch_size=64, num_workers=2, ini_weights='random', seed=42, dropout=None, transfer_learning='LP', show=False, verbose=False, balanced_dataset=False, torch_compile=False, distributed=False, ray_tune='gridsearch', grace_period=4, num_samples_trials=3, gpus_per_trial=1)",12,val,False,0.1,0.9,1e-05
b518e_00059,0.38,0.141,6.204124689102173,True,,,12,e8aa904893dc4e6abb255f7a7956290e,2023-06-28_19-35-18,1687973718,71.17235541343689,377467,sfandres-ROG-Strix-G513QR,192.168.1.140,71.17235541343689,0,12,0.003374338150024414,"59_lr=0.1000,momentum=0.9900,weight_decay=0.0001","Namespace(model_name='Supervised', task_name='multilabel', backbone_name='resnet18', input_data=None, dataset_name='Sentinel2AndaluciaLULC', dataset_level='Level_N2', train_rate=0.05, epochs=12, learning_rate=0.01, save_every=5, batch_size=64, num_workers=2, ini_weights='random', seed=42, dropout=None, transfer_learning='LP', show=False, verbose=False, balanced_dataset=False, torch_compile=False, distributed=False, ray_tune='gridsearch', grace_period=4, num_samples_trials=3, gpus_per_trial=1)",12,val,False,0.1,0.99,0.0001
b518e_00030,0.253,0.142,6.099924564361572,True,,,12,3c1db154d1794fd1b4376c1b8b5b7282,2023-06-28_19-14-56,1687972496,71.04457664489746,364214,sfandres-ROG-Strix-G513QR,192.168.1.140,71.04457664489746,0,12,0.0031104087829589844,"30_lr=0.0100,momentum=0.9000,weight_decay=0","Namespace(model_name='Supervised', task_name='multilabel', backbone_name='resnet18', input_data=None, dataset_name='Sentinel2AndaluciaLULC', dataset_level='Level_N2', train_rate=0.05, epochs=12, learning_rate=0.01, save_every=5, batch_size=64, num_workers=2, ini_weights='random', seed=42, dropout=None, transfer_learning='LP', show=False, verbose=False, balanced_dataset=False, torch_compile=False, distributed=False, ray_tune='gridsearch', grace_period=4, num_samples_trials=3, gpus_per_trial=1)",12,val,False,0.01,0.9,0.0
b518e_00038,0.253,0.142,6.237451076507568,True,,,12,234e44571de64fc88cfc3ca54844cd87,2023-06-28_19-20-58,1687972858,71.8997118473053,368087,sfandres-ROG-Strix-G513QR,192.168.1.140,71.8997118473053,0,12,0.0037331581115722656,"38_lr=0.0100,momentum=0.9000,weight_decay=0.0001","Namespace(model_name='Supervised', task_name='multilabel', backbone_name='resnet18', input_data=None, dataset_name='Sentinel2AndaluciaLULC', dataset_level='Level_N2', train_rate=0.05, epochs=12, learning_rate=0.01, save_every=5, batch_size=64, num_workers=2, ini_weights='random', seed=42, dropout=None, transfer_learning='LP', show=False, verbose=False, balanced_dataset=False, torch_compile=False, distributed=False, ray_tune='gridsearch', grace_period=4, num_samples_trials=3, gpus_per_trial=1)",12,val,False,0.01,0.9,0.0001
b518e_00022,0.253,0.142,5.722311973571777,True,,,12,5872f65f9f4e4c02992bc3136ccfb3b0,2023-06-28_19-08-55,1687972135,67.46550154685974,360364,sfandres-ROG-Strix-G513QR,192.168.1.140,67.46550154685974,0,12,0.0036568641662597656,"22_lr=0.0100,momentum=0.9000,weight_decay=0.0000","Namespace(model_name='Supervised', task_name='multilabel', backbone_name='resnet18', input_data=None, dataset_name='Sentinel2AndaluciaLULC', dataset_level='Level_N2', train_rate=0.05, epochs=12, learning_rate=0.01, save_every=5, batch_size=64, num_workers=2, ini_weights='random', seed=42, dropout=None, transfer_learning='LP', show=False, verbose=False, balanced_dataset=False, torch_compile=False, distributed=False, ray_tune='gridsearch', grace_period=4, num_samples_trials=3, gpus_per_trial=1)",12,val,False,0.01,0.9,1e-05
b518e_00006,0.253,0.142,5.860093355178833,True,,,12,96070b3ac8c745e7837586499575beba,2023-06-28_18-56-26,1687971386,67.44009852409363,352186,sfandres-ROG-Strix-G513QR,192.168.1.140,67.44009852409363,0,12,0.004425048828125,"6_lr=0.0100,momentum=0.9000,weight_decay=0","Namespace(model_name='Supervised', task_name='multilabel', backbone_name='resnet18', input_data=None, dataset_name='Sentinel2AndaluciaLULC', dataset_level='Level_N2', train_rate=0.05, epochs=12, learning_rate=0.01, save_every=5, batch_size=64, num_workers=2, ini_weights='random', seed=42, dropout=None, transfer_learning='LP', show=False, verbose=False, balanced_dataset=False, torch_compile=False, distributed=False, ray_tune='gridsearch', grace_period=4, num_samples_trials=3, gpus_per_trial=1)",12,val,False,0.01,0.9,0.0
b518e_00046,0.253,0.142,5.8250274658203125,True,,,12,4d114425c40045159a4ddf7acfeb2a05,2023-06-28_19-26-11,1687973171,68.3399977684021,371542,sfandres-ROG-Strix-G513QR,192.168.1.140,68.3399977684021,0,12,0.004787445068359375,"46_lr=0.0100,momentum=0.9000,weight_decay=0.0000","Namespace(model_name='Supervised', task_name='multilabel', backbone_name='resnet18', input_data=None, dataset_name='Sentinel2AndaluciaLULC', dataset_level='Level_N2', train_rate=0.05, epochs=12, learning_rate=0.01, save_every=5, batch_size=64, num_workers=2, ini_weights='random', seed=42, dropout=None, transfer_learning='LP', show=False, verbose=False, balanced_dataset=False, torch_compile=False, distributed=False, ray_tune='gridsearch', grace_period=4, num_samples_trials=3, gpus_per_trial=1)",12,val,False,0.01,0.9,1e-05
b518e_00062,0.253,0.142,6.0193469524383545,True,,,12,c50633b942a44d9c89a0b94fe74e2d06,2023-06-28_19-37-27,1687973847,69.9442527294159,378859,sfandres-ROG-Strix-G513QR,192.168.1.140,69.9442527294159,0,12,0.004007577896118164,"62_lr=0.0100,momentum=0.9000,weight_decay=0.0001","Namespace(model_name='Supervised', task_name='multilabel', backbone_name='resnet18', input_data=None, dataset_name='Sentinel2AndaluciaLULC', dataset_level='Level_N2', train_rate=0.05, epochs=12, learning_rate=0.01, save_every=5, batch_size=64, num_workers=2, ini_weights='random', seed=42, dropout=None, transfer_learning='LP', show=False, verbose=False, balanced_dataset=False, torch_compile=False, distributed=False, ray_tune='gridsearch', grace_period=4, num_samples_trials=3, gpus_per_trial=1)",12,val,False,0.01,0.9,0.0001
b518e_00014,0.253,0.142,5.680610418319702,True,,,12,bb779ac618c34a91bc99bfdb52799e36,2023-06-28_19-02-59,1687971779,67.59335064888,356511,sfandres-ROG-Strix-G513QR,192.168.1.140,67.59335064888,0,12,0.004569053649902344,"14_lr=0.0100,momentum=0.9000,weight_decay=0.0001","Namespace(model_name='Supervised', task_name='multilabel', backbone_name='resnet18', input_data=None, dataset_name='Sentinel2AndaluciaLULC', dataset_level='Level_N2', train_rate=0.05, epochs=12, learning_rate=0.01, save_every=5, batch_size=64, num_workers=2, ini_weights='random', seed=42, dropout=None, transfer_learning='LP', show=False, verbose=False, balanced_dataset=False, torch_compile=False, distributed=False, ray_tune='gridsearch', grace_period=4, num_samples_trials=3, gpus_per_trial=1)",12,val,False,0.01,0.9,0.0001
b518e_00054,0.253,0.142,6.02519679069519,True,,,12,5977fa144bb24a89b3a7831c6c91b4c0,2023-06-28_19-31-26,1687973486,70.66990637779236,374983,sfandres-ROG-Strix-G513QR,192.168.1.140,70.66990637779236,0,12,0.0038323402404785156,"54_lr=0.0100,momentum=0.9000,weight_decay=0","Namespace(model_name='Supervised', task_name='multilabel', backbone_name='resnet18', input_data=None, dataset_name='Sentinel2AndaluciaLULC', dataset_level='Level_N2', train_rate=0.05, epochs=12, learning_rate=0.01, save_every=5, batch_size=64, num_workers=2, ini_weights='random', seed=42, dropout=None, transfer_learning='LP', show=False, verbose=False, balanced_dataset=False, torch_compile=False, distributed=False, ray_tune='gridsearch', grace_period=4, num_samples_trials=3, gpus_per_trial=1)",12,val,False,0.01,0.9,0.0
b518e_00070,0.253,0.142,6.03140926361084,True,,,12,405bea33837245a89a300a400a9daf43,2023-06-28_19-42-39,1687974159,69.80888986587524,382262,sfandres-ROG-Strix-G513QR,192.168.1.140,69.80888986587524,0,12,0.003962993621826172,"70_lr=0.0100,momentum=0.9000,weight_decay=0.0000","Namespace(model_name='Supervised', task_name='multilabel', backbone_name='resnet18', input_data=None, dataset_name='Sentinel2AndaluciaLULC', dataset_level='Level_N2', train_rate=0.05, epochs=12, learning_rate=0.01, save_every=5, batch_size=64, num_workers=2, ini_weights='random', seed=42, dropout=None, transfer_learning='LP', show=False, verbose=False, balanced_dataset=False, torch_compile=False, distributed=False, ray_tune='gridsearch', grace_period=4, num_samples_trials=3, gpus_per_trial=1)",12,val,False,0.01,0.9,1e-05
b518e_00037,0.276,0.153,5.842408657073975,True,,,12,ab32c50355aa432087f8ab5791929301,2023-06-28_19-19-42,1687972782,69.28931546211243,367329,sfandres-ROG-Strix-G513QR,192.168.1.140,69.28931546211243,0,12,0.0028810501098632812,"37_lr=0.0010,momentum=0.9000,weight_decay=0.0001","Namespace(model_name='Supervised', task_name='multilabel', backbone_name='resnet18', input_data=None, dataset_name='Sentinel2AndaluciaLULC', dataset_level='Level_N2', train_rate=0.05, epochs=12, learning_rate=0.01, save_every=5, batch_size=64, num_workers=2, ini_weights='random', seed=42, dropout=None, transfer_learning='LP', show=False, verbose=False, balanced_dataset=False, torch_compile=False, distributed=False, ray_tune='gridsearch', grace_period=4, num_samples_trials=3, gpus_per_trial=1)",12,val,False,0.001,0.9,0.0001
b518e_00013,0.276,0.153,5.929126501083374,True,,,12,43af743cb8334dccba5fe1d9d8e609e7,2023-06-28_19-01-48,1687971708,69.6342077255249,355760,sfandres-ROG-Strix-G513QR,192.168.1.140,69.6342077255249,0,12,0.0033431053161621094,"13_lr=0.0010,momentum=0.9000,weight_decay=0.0001","Namespace(model_name='Supervised', task_name='multilabel', backbone_name='resnet18', input_data=None, dataset_name='Sentinel2AndaluciaLULC', dataset_level='Level_N2', train_rate=0.05, epochs=12, learning_rate=0.01, save_every=5, batch_size=64, num_workers=2, ini_weights='random', seed=42, dropout=None, transfer_learning='LP', show=False, verbose=False, balanced_dataset=False, torch_compile=False, distributed=False, ray_tune='gridsearch', grace_period=4, num_samples_trials=3, gpus_per_trial=1)",12,val,False,0.001,0.9,0.0001
b518e_00021,0.275,0.153,5.9877705574035645,True,,,12,f1195253fcb74fe58ec62ae27183804c,2023-06-28_19-07-44,1687972064,70.17688488960266,359617,sfandres-ROG-Strix-G513QR,192.168.1.140,70.17688488960266,0,12,0.003962278366088867,"21_lr=0.0010,momentum=0.9000,weight_decay=0.0000","Namespace(model_name='Supervised', task_name='multilabel', backbone_name='resnet18', input_data=None, dataset_name='Sentinel2AndaluciaLULC', dataset_level='Level_N2', train_rate=0.05, epochs=12, learning_rate=0.01, save_every=5, batch_size=64, num_workers=2, ini_weights='random', seed=42, dropout=None, transfer_learning='LP', show=False, verbose=False, balanced_dataset=False, torch_compile=False, distributed=False, ray_tune='gridsearch', grace_period=4, num_samples_trials=3, gpus_per_trial=1)",12,val,False,0.001,0.9,1e-05
b518e_00005,0.275,0.153,5.8853371143341064,True,,,12,9be352a1abf048f682cd33f831e5af9a,2023-06-28_18-55-15,1687971315,69.62260866165161,351436,sfandres-ROG-Strix-G513QR,192.168.1.140,69.62260866165161,0,12,0.0032961368560791016,"5_lr=0.0010,momentum=0.9000,weight_decay=0","Namespace(model_name='Supervised', task_name='multilabel', backbone_name='resnet18', input_data=None, dataset_name='Sentinel2AndaluciaLULC', dataset_level='Level_N2', train_rate=0.05, epochs=12, learning_rate=0.01, save_every=5, batch_size=64, num_workers=2, ini_weights='random', seed=42, dropout=None, transfer_learning='LP', show=False, verbose=False, balanced_dataset=False, torch_compile=False, distributed=False, ray_tune='gridsearch', grace_period=4, num_samples_trials=3, gpus_per_trial=1)",12,val,False,0.001,0.9,0.0
b518e_00029,0.277,0.153,5.969907283782959,True,,,12,32504c1e862940c9bb66ee5644e332b6,2023-06-28_19-13-41,1687972421,70.01135611534119,363454,sfandres-ROG-Strix-G513QR,192.168.1.140,70.01135611534119,0,12,0.0032808780670166016,"29_lr=0.0010,momentum=0.9000,weight_decay=0","Namespace(model_name='Supervised', task_name='multilabel', backbone_name='resnet18', input_data=None, dataset_name='Sentinel2AndaluciaLULC', dataset_level='Level_N2', train_rate=0.05, epochs=12, learning_rate=0.01, save_every=5, batch_size=64, num_workers=2, ini_weights='random', seed=42, dropout=None, transfer_learning='LP', show=False, verbose=False, balanced_dataset=False, torch_compile=False, distributed=False, ray_tune='gridsearch', grace_period=4, num_samples_trials=3, gpus_per_trial=1)",12,val,False,0.001,0.9,0.0
b518e_00067,0.524,0.155,5.848502159118652,True,,,4,080c597fe29149a98f35a566cf00b57d,2023-06-28_19-40-31,1687974031,23.983006954193115,381310,sfandres-ROG-Strix-G513QR,192.168.1.140,23.983006954193115,0,4,0.003503561019897461,"67_lr=0.1000,momentum=0.9900,weight_decay=0.0000","Namespace(model_name='Supervised', task_name='multilabel', backbone_name='resnet18', input_data=None, dataset_name='Sentinel2AndaluciaLULC', dataset_level='Level_N2', train_rate=0.05, epochs=12, learning_rate=0.01, save_every=5, batch_size=64, num_workers=2, ini_weights='random', seed=42, dropout=None, transfer_learning='LP', show=False, verbose=False, balanced_dataset=False, torch_compile=False, distributed=False, ray_tune='gridsearch', grace_period=4, num_samples_trials=3, gpus_per_trial=1)",12,val,False,0.1,0.99,1e-05
b518e_00051,0.535,0.157,5.4915242195129395,True,,,4,3a2e8a19364f4f378e74d69af8f76568,2023-06-28_19-29-17,1687973357,23.40886664390564,374008,sfandres-ROG-Strix-G513QR,192.168.1.140,23.40886664390564,0,4,0.003597259521484375,"51_lr=0.1000,momentum=0.9900,weight_decay=0","Namespace(model_name='Supervised', task_name='multilabel', backbone_name='resnet18', input_data=None, dataset_name='Sentinel2AndaluciaLULC', dataset_level='Level_N2', train_rate=0.05, epochs=12, learning_rate=0.01, save_every=5, batch_size=64, num_workers=2, ini_weights='random', seed=42, dropout=None, transfer_learning='LP', show=False, verbose=False, balanced_dataset=False, torch_compile=False, distributed=False, ray_tune='gridsearch', grace_period=4, num_samples_trials=3, gpus_per_trial=1)",12,val,False,0.1,0.99,0.0
b518e_00043,0.504,0.157,5.592784643173218,True,,,4,01d857f31469433cad5398a8c66ce013,2023-06-28_19-24-04,1687973044,23.46419930458069,370580,sfandres-ROG-Strix-G513QR,192.168.1.140,23.46419930458069,0,4,0.004900217056274414,"43_lr=0.1000,momentum=0.9900,weight_decay=0.0000","Namespace(model_name='Supervised', task_name='multilabel', backbone_name='resnet18', input_data=None, dataset_name='Sentinel2AndaluciaLULC', dataset_level='Level_N2', train_rate=0.05, epochs=12, learning_rate=0.01, save_every=5, batch_size=64, num_workers=2, ini_weights='random', seed=42, dropout=None, transfer_learning='LP', show=False, verbose=False, balanced_dataset=False, torch_compile=False, distributed=False, ray_tune='gridsearch', grace_period=4, num_samples_trials=3, gpus_per_trial=1)",12,val,False,0.1,0.99,1e-05
b518e_00069,0.302,0.162,5.528901815414429,True,,,4,271b8584fe984085ad90837056493ce1,2023-06-28_19-41-26,1687974086,23.607567310333252,381943,sfandres-ROG-Strix-G513QR,192.168.1.140,23.607567310333252,0,4,0.0035119056701660156,"69_lr=0.0010,momentum=0.9000,weight_decay=0.0000","Namespace(model_name='Supervised', task_name='multilabel', backbone_name='resnet18', input_data=None, dataset_name='Sentinel2AndaluciaLULC', dataset_level='Level_N2', train_rate=0.05, epochs=12, learning_rate=0.01, save_every=5, batch_size=64, num_workers=2, ini_weights='random', seed=42, dropout=None, transfer_learning='LP', show=False, verbose=False, balanced_dataset=False, torch_compile=False, distributed=False, ray_tune='gridsearch', grace_period=4, num_samples_trials=3, gpus_per_trial=1)",12,val,False,0.001,0.9,1e-05
b518e_00061,0.303,0.162,5.5642335414886475,True,,,4,98457ec8fa0c45f1b0818dcb9d1c5b4f,2023-06-28_19-36-13,1687973773,22.99750781059265,378541,sfandres-ROG-Strix-G513QR,192.168.1.140,22.99750781059265,0,4,0.004426479339599609,"61_lr=0.0010,momentum=0.9000,weight_decay=0.0001","Namespace(model_name='Supervised', task_name='multilabel', backbone_name='resnet18', input_data=None, dataset_name='Sentinel2AndaluciaLULC', dataset_level='Level_N2', train_rate=0.05, epochs=12, learning_rate=0.01, save_every=5, batch_size=64, num_workers=2, ini_weights='random', seed=42, dropout=None, transfer_learning='LP', show=False, verbose=False, balanced_dataset=False, torch_compile=False, distributed=False, ray_tune='gridsearch', grace_period=4, num_samples_trials=3, gpus_per_trial=1)",12,val,False,0.001,0.9,0.0001
b518e_00053,0.302,0.162,5.5278356075286865,True,,,4,99b813dd189448a281d70436f491e2f0,2023-06-28_19-30-12,1687973412,23.026553630828857,374663,sfandres-ROG-Strix-G513QR,192.168.1.140,23.026553630828857,0,4,0.004879474639892578,"53_lr=0.0010,momentum=0.9000,weight_decay=0","Namespace(model_name='Supervised', task_name='multilabel', backbone_name='resnet18', input_data=None, dataset_name='Sentinel2AndaluciaLULC', dataset_level='Level_N2', train_rate=0.05, epochs=12, learning_rate=0.01, save_every=5, batch_size=64, num_workers=2, ini_weights='random', seed=42, dropout=None, transfer_learning='LP', show=False, verbose=False, balanced_dataset=False, torch_compile=False, distributed=False, ray_tune='gridsearch', grace_period=4, num_samples_trials=3, gpus_per_trial=1)",12,val,False,0.001,0.9,0.0
b518e_00045,0.302,0.162,5.600737810134888,True,,,4,666d0ac761574bf0b5abc0f19d32e62c,2023-06-28_19-24-58,1687973098,23.53076934814453,371226,sfandres-ROG-Strix-G513QR,192.168.1.140,23.53076934814453,0,4,0.0049479007720947266,"45_lr=0.0010,momentum=0.9000,weight_decay=0.0000","Namespace(model_name='Supervised', task_name='multilabel', backbone_name='resnet18', input_data=None, dataset_name='Sentinel2AndaluciaLULC', dataset_level='Level_N2', train_rate=0.05, epochs=12, learning_rate=0.01, save_every=5, batch_size=64, num_workers=2, ini_weights='random', seed=42, dropout=None, transfer_learning='LP', show=False, verbose=False, balanced_dataset=False, torch_compile=False, distributed=False, ray_tune='gridsearch', grace_period=4, num_samples_trials=3, gpus_per_trial=1)",12,val,False,0.001,0.9,1e-05
b518e_00000,0.303,0.162,6.006989479064941,True,,,12,10af8fb3fa6a4849af8101916b2f2e67,2023-06-28_18-50-30,1687971030,69.3801679611206,347878,sfandres-ROG-Strix-G513QR,192.168.1.140,69.3801679611206,0,12,0.003811359405517578,"0_lr=0.0001,momentum=0.9900,weight_decay=0","Namespace(model_name='Supervised', task_name='multilabel', backbone_name='resnet18', input_data=None, dataset_name='Sentinel2AndaluciaLULC', dataset_level='Level_N2', train_rate=0.05, epochs=12, learning_rate=0.01, save_every=5, batch_size=64, num_workers=2, ini_weights='random', seed=42, dropout=None, transfer_learning='LP', show=False, verbose=False, balanced_dataset=False, torch_compile=False, distributed=False, ray_tune='gridsearch', grace_period=4, num_samples_trials=3, gpus_per_trial=1)",12,val,False,0.0001,0.99,0.0
b518e_00027,0.536,0.164,5.5178046226501465,True,,,4,c1dfd11a8adb4ff39dbf7ca3136cfc36,2023-06-28_19-11-58,1687972318,23.25309157371521,362801,sfandres-ROG-Strix-G513QR,192.168.1.140,23.25309157371521,0,4,0.005527496337890625,"27_lr=0.1000,momentum=0.9900,weight_decay=0","Namespace(model_name='Supervised', task_name='multilabel', backbone_name='resnet18', input_data=None, dataset_name='Sentinel2AndaluciaLULC', dataset_level='Level_N2', train_rate=0.05, epochs=12, learning_rate=0.01, save_every=5, batch_size=64, num_workers=2, ini_weights='random', seed=42, dropout=None, transfer_learning='LP', show=False, verbose=False, balanced_dataset=False, torch_compile=False, distributed=False, ray_tune='gridsearch', grace_period=4, num_samples_trials=3, gpus_per_trial=1)",12,val,False,0.1,0.99,0.0
b518e_00001,0.387,0.166,6.727328538894653,True,,,12,88b642f78e954dc198936717bcc58f2f,2023-06-28_18-51-48,1687971108,74.14099049568176,348635,sfandres-ROG-Strix-G513QR,192.168.1.140,74.14099049568176,0,12,0.003942966461181641,"1_lr=0.0010,momentum=0.9900,weight_decay=0","Namespace(model_name='Supervised', task_name='multilabel', backbone_name='resnet18', input_data=None, dataset_name='Sentinel2AndaluciaLULC', dataset_level='Level_N2', train_rate=0.05, epochs=12, learning_rate=0.01, save_every=5, batch_size=64, num_workers=2, ini_weights='random', seed=42, dropout=None, transfer_learning='LP', show=False, verbose=False, balanced_dataset=False, torch_compile=False, distributed=False, ray_tune='gridsearch', grace_period=4, num_samples_trials=3, gpus_per_trial=1)",12,val,False,0.001,0.99,0.0
b518e_00011,0.376,0.168,5.317450523376465,True,,,12,e17df1371b8341c2b678facb27c3eaec,2023-06-28_19-00-07,1687971607,65.20771956443787,354623,sfandres-ROG-Strix-G513QR,192.168.1.140,65.20771956443787,0,12,0.00472712516784668,"11_lr=0.1000,momentum=0.9900,weight_decay=0.0001","Namespace(model_name='Supervised', task_name='multilabel', backbone_name='resnet18', input_data=None, dataset_name='Sentinel2AndaluciaLULC', dataset_level='Level_N2', train_rate=0.05, epochs=12, learning_rate=0.01, save_every=5, batch_size=64, num_workers=2, ini_weights='random', seed=42, dropout=None, transfer_learning='LP', show=False, verbose=False, balanced_dataset=False, torch_compile=False, distributed=False, ray_tune='gridsearch', grace_period=4, num_samples_trials=3, gpus_per_trial=1)",12,val,False,0.1,0.99,0.0001
b518e_00033,0.338,0.169,5.719619035720825,True,,,4,ba8085ccec1642b28be64ec50b5ad0c8,2023-06-28_19-17-06,1687972626,23.44114375114441,366044,sfandres-ROG-Strix-G513QR,192.168.1.140,23.44114375114441,0,4,0.003258228302001953,"33_lr=0.0010,momentum=0.9900,weight_decay=0.0001","Namespace(model_name='Supervised', task_name='multilabel', backbone_name='resnet18', input_data=None, dataset_name='Sentinel2AndaluciaLULC', dataset_level='Level_N2', train_rate=0.05, epochs=12, learning_rate=0.01, save_every=5, batch_size=64, num_workers=2, ini_weights='random', seed=42, dropout=None, transfer_learning='LP', show=False, verbose=False, balanced_dataset=False, torch_compile=False, distributed=False, ray_tune='gridsearch', grace_period=4, num_samples_trials=3, gpus_per_trial=1)",12,val,False,0.001,0.99,0.0001
b518e_00017,0.339,0.169,5.772018671035767,True,,,4,8914f89096614ba9ac45836717e2ea97,2023-06-28_19-05-06,1687971906,23.848952531814575,358336,sfandres-ROG-Strix-G513QR,192.168.1.140,23.848952531814575,0,4,0.0033588409423828125,"17_lr=0.0010,momentum=0.9900,weight_decay=0.0000","Namespace(model_name='Supervised', task_name='multilabel', backbone_name='resnet18', input_data=None, dataset_name='Sentinel2AndaluciaLULC', dataset_level='Level_N2', train_rate=0.05, epochs=12, learning_rate=0.01, save_every=5, batch_size=64, num_workers=2, ini_weights='random', seed=42, dropout=None, transfer_learning='LP', show=False, verbose=False, balanced_dataset=False, torch_compile=False, distributed=False, ray_tune='gridsearch', grace_period=4, num_samples_trials=3, gpus_per_trial=1)",12,val,False,0.001,0.99,1e-05
b518e_00057,0.338,0.169,5.623115539550781,True,,,4,9b05838154624f7f90a15ae9480ada13,2023-06-28_19-33-36,1687973616,23.666184902191162,376832,sfandres-ROG-Strix-G513QR,192.168.1.140,23.666184902191162,0,4,0.0039899349212646484,"57_lr=0.0010,momentum=0.9900,weight_decay=0.0001","Namespace(model_name='Supervised', task_name='multilabel', backbone_name='resnet18', input_data=None, dataset_name='Sentinel2AndaluciaLULC', dataset_level='Level_N2', train_rate=0.05, epochs=12, learning_rate=0.01, save_every=5, batch_size=64, num_workers=2, ini_weights='random', seed=42, dropout=None, transfer_learning='LP', show=False, verbose=False, balanced_dataset=False, torch_compile=False, distributed=False, ray_tune='gridsearch', grace_period=4, num_samples_trials=3, gpus_per_trial=1)",12,val,False,0.001,0.99,0.0001
b518e_00065,0.339,0.17,5.482089281082153,True,,,4,dcdc4131bcea4676a0c1b1f4485691c2,2023-06-28_19-39-35,1687973975,22.799226999282837,380674,sfandres-ROG-Strix-G513QR,192.168.1.140,22.799226999282837,0,4,0.004079103469848633,"65_lr=0.0010,momentum=0.9900,weight_decay=0.0000","Namespace(model_name='Supervised', task_name='multilabel', backbone_name='resnet18', input_data=None, dataset_name='Sentinel2AndaluciaLULC', dataset_level='Level_N2', train_rate=0.05, epochs=12, learning_rate=0.01, save_every=5, batch_size=64, num_workers=2, ini_weights='random', seed=42, dropout=None, transfer_learning='LP', show=False, verbose=False, balanced_dataset=False, torch_compile=False, distributed=False, ray_tune='gridsearch', grace_period=4, num_samples_trials=3, gpus_per_trial=1)",12,val,False,0.001,0.99,1e-05
b518e_00025,0.339,0.17,5.77869439125061,True,,,4,3d30fa9990a54f939a4d9bdefc1f975d,2023-06-28_19-11-03,1687972263,24.001879930496216,362170,sfandres-ROG-Strix-G513QR,192.168.1.140,24.001879930496216,0,4,0.0029938220977783203,"25_lr=0.0010,momentum=0.9900,weight_decay=0","Namespace(model_name='Supervised', task_name='multilabel', backbone_name='resnet18', input_data=None, dataset_name='Sentinel2AndaluciaLULC', dataset_level='Level_N2', train_rate=0.05, epochs=12, learning_rate=0.01, save_every=5, batch_size=64, num_workers=2, ini_weights='random', seed=42, dropout=None, transfer_learning='LP', show=False, verbose=False, balanced_dataset=False, torch_compile=False, distributed=False, ray_tune='gridsearch', grace_period=4, num_samples_trials=3, gpus_per_trial=1)",12,val,False,0.001,0.99,0.0
b518e_00009,0.339,0.17,5.573437929153442,True,,,4,3f959a2402e54fa8b317f1fae6c85cbc,2023-06-28_18-58-32,1687971512,23.377248764038086,353993,sfandres-ROG-Strix-G513QR,192.168.1.140,23.377248764038086,0,4,0.003680706024169922,"9_lr=0.0010,momentum=0.9900,weight_decay=0.0001","Namespace(model_name='Supervised', task_name='multilabel', backbone_name='resnet18', input_data=None, dataset_name='Sentinel2AndaluciaLULC', dataset_level='Level_N2', train_rate=0.05, epochs=12, learning_rate=0.01, save_every=5, batch_size=64, num_workers=2, ini_weights='random', seed=42, dropout=None, transfer_learning='LP', show=False, verbose=False, balanced_dataset=False, torch_compile=False, distributed=False, ray_tune='gridsearch', grace_period=4, num_samples_trials=3, gpus_per_trial=1)",12,val,False,0.001,0.99,0.0001
b518e_00049,0.339,0.171,5.857816219329834,True,,,4,59a3f2ec35924b1a915082420d875a2c,2023-06-28_19-28-22,1687973302,24.340418577194214,373370,sfandres-ROG-Strix-G513QR,192.168.1.140,24.340418577194214,0,4,0.0038712024688720703,"49_lr=0.0010,momentum=0.9900,weight_decay=0","Namespace(model_name='Supervised', task_name='multilabel', backbone_name='resnet18', input_data=None, dataset_name='Sentinel2AndaluciaLULC', dataset_level='Level_N2', train_rate=0.05, epochs=12, learning_rate=0.01, save_every=5, batch_size=64, num_workers=2, ini_weights='random', seed=42, dropout=None, transfer_learning='LP', show=False, verbose=False, balanced_dataset=False, torch_compile=False, distributed=False, ray_tune='gridsearch', grace_period=4, num_samples_trials=3, gpus_per_trial=1)",12,val,False,0.001,0.99,0.0
b518e_00019,0.567,0.171,5.674522638320923,True,,,4,5ccd63e8734b461ea80203c73aa2795f,2023-06-28_19-06-03,1687971963,24.211650371551514,358983,sfandres-ROG-Strix-G513QR,192.168.1.140,24.211650371551514,0,4,0.005093097686767578,"19_lr=0.1000,momentum=0.9900,weight_decay=0.0000","Namespace(model_name='Supervised', task_name='multilabel', backbone_name='resnet18', input_data=None, dataset_name='Sentinel2AndaluciaLULC', dataset_level='Level_N2', train_rate=0.05, epochs=12, learning_rate=0.01, save_every=5, batch_size=64, num_workers=2, ini_weights='random', seed=42, dropout=None, transfer_learning='LP', show=False, verbose=False, balanced_dataset=False, torch_compile=False, distributed=False, ray_tune='gridsearch', grace_period=4, num_samples_trials=3, gpus_per_trial=1)",12,val,False,0.1,0.99,1e-05
b518e_00041,0.34,0.171,5.791839838027954,True,,,4,f9848af2892f45bd8735c5e0d097fc6c,2023-06-28_19-23-09,1687972989,24.084341764450073,369939,sfandres-ROG-Strix-G513QR,192.168.1.140,24.084341764450073,0,4,0.003936052322387695,"41_lr=0.0010,momentum=0.9900,weight_decay=0.0000","Namespace(model_name='Supervised', task_name='multilabel', backbone_name='resnet18', input_data=None, dataset_name='Sentinel2AndaluciaLULC', dataset_level='Level_N2', train_rate=0.05, epochs=12, learning_rate=0.01, save_every=5, batch_size=64, num_workers=2, ini_weights='random', seed=42, dropout=None, transfer_learning='LP', show=False, verbose=False, balanced_dataset=False, torch_compile=False, distributed=False, ray_tune='gridsearch', grace_period=4, num_samples_trials=3, gpus_per_trial=1)",12,val,False,0.001,0.99,1e-05
b518e_00008,0.475,0.173,5.560440540313721,True,,,4,34e3a20406c5482d83fd4aa23960948e,2023-06-28_18-58-05,1687971485,23.278990983963013,353673,sfandres-ROG-Strix-G513QR,192.168.1.140,23.278990983963013,0,4,0.0031418800354003906,"8_lr=0.0001,momentum=0.9900,weight_decay=0.0001","Namespace(model_name='Supervised', task_name='multilabel', backbone_name='resnet18', input_data=None, dataset_name='Sentinel2AndaluciaLULC', dataset_level='Level_N2', train_rate=0.05, epochs=12, learning_rate=0.01, save_every=5, batch_size=64, num_workers=2, ini_weights='random', seed=42, dropout=None, transfer_learning='LP', show=False, verbose=False, balanced_dataset=False, torch_compile=False, distributed=False, ray_tune='gridsearch', grace_period=4, num_samples_trials=3, gpus_per_trial=1)",12,val,False,0.0001,0.99,0.0001
b518e_00048,0.474,0.173,5.705082654953003,True,,,4,f307671ab77d4ee1b6f26225e2907cc8,2023-06-28_19-27-54,1687973274,23.917369842529297,373046,sfandres-ROG-Strix-G513QR,192.168.1.140,23.917369842529297,0,4,0.003529787063598633,"48_lr=0.0001,momentum=0.9900,weight_decay=0","Namespace(model_name='Supervised', task_name='multilabel', backbone_name='resnet18', input_data=None, dataset_name='Sentinel2AndaluciaLULC', dataset_level='Level_N2', train_rate=0.05, epochs=12, learning_rate=0.01, save_every=5, batch_size=64, num_workers=2, ini_weights='random', seed=42, dropout=None, transfer_learning='LP', show=False, verbose=False, balanced_dataset=False, torch_compile=False, distributed=False, ray_tune='gridsearch', grace_period=4, num_samples_trials=3, gpus_per_trial=1)",12,val,False,0.0001,0.99,0.0
b518e_00024,0.475,0.173,5.497258901596069,True,,,4,efdd232817f340d2a3b3b0369a4a1ea5,2023-06-28_19-10-35,1687972235,22.99269413948059,361843,sfandres-ROG-Strix-G513QR,192.168.1.140,22.99269413948059,0,4,0.003776073455810547,"24_lr=0.0001,momentum=0.9900,weight_decay=0","Namespace(model_name='Supervised', task_name='multilabel', backbone_name='resnet18', input_data=None, dataset_name='Sentinel2AndaluciaLULC', dataset_level='Level_N2', train_rate=0.05, epochs=12, learning_rate=0.01, save_every=5, batch_size=64, num_workers=2, ini_weights='random', seed=42, dropout=None, transfer_learning='LP', show=False, verbose=False, balanced_dataset=False, torch_compile=False, distributed=False, ray_tune='gridsearch', grace_period=4, num_samples_trials=3, gpus_per_trial=1)",12,val,False,0.0001,0.99,0.0
b518e_00064,0.475,0.173,5.701370716094971,True,,,4,48d819a6646344d48d0a8e1f5e6f27b0,2023-06-28_19-39-08,1687973948,23.55028462409973,380351,sfandres-ROG-Strix-G513QR,192.168.1.140,23.55028462409973,0,4,0.004051923751831055,"64_lr=0.0001,momentum=0.9900,weight_decay=0.0000","Namespace(model_name='Supervised', task_name='multilabel', backbone_name='resnet18', input_data=None, dataset_name='Sentinel2AndaluciaLULC', dataset_level='Level_N2', train_rate=0.05, epochs=12, learning_rate=0.01, save_every=5, batch_size=64, num_workers=2, ini_weights='random', seed=42, dropout=None, transfer_learning='LP', show=False, verbose=False, balanced_dataset=False, torch_compile=False, distributed=False, ray_tune='gridsearch', grace_period=4, num_samples_trials=3, gpus_per_trial=1)",12,val,False,0.0001,0.99,1e-05
b518e_00056,0.476,0.173,5.901875972747803,True,,,4,9f6b0400db8343598c4d4b911799251c,2023-06-28_19-33-08,1687973588,24.344786882400513,376507,sfandres-ROG-Strix-G513QR,192.168.1.140,24.344786882400513,0,4,0.003521442413330078,"56_lr=0.0001,momentum=0.9900,weight_decay=0.0001","Namespace(model_name='Supervised', task_name='multilabel', backbone_name='resnet18', input_data=None, dataset_name='Sentinel2AndaluciaLULC', dataset_level='Level_N2', train_rate=0.05, epochs=12, learning_rate=0.01, save_every=5, batch_size=64, num_workers=2, ini_weights='random', seed=42, dropout=None, transfer_learning='LP', show=False, verbose=False, balanced_dataset=False, torch_compile=False, distributed=False, ray_tune='gridsearch', grace_period=4, num_samples_trials=3, gpus_per_trial=1)",12,val,False,0.0001,0.99,0.0001
b518e_00032,0.475,0.174,5.654822826385498,True,,,4,9433a8383c11468190515e610150a74d,2023-06-28_19-16-38,1687972598,23.70931100845337,365720,sfandres-ROG-Strix-G513QR,192.168.1.140,23.70931100845337,0,4,0.004839181900024414,"32_lr=0.0001,momentum=0.9900,weight_decay=0.0001","Namespace(model_name='Supervised', task_name='multilabel', backbone_name='resnet18', input_data=None, dataset_name='Sentinel2AndaluciaLULC', dataset_level='Level_N2', train_rate=0.05, epochs=12, learning_rate=0.01, save_every=5, batch_size=64, num_workers=2, ini_weights='random', seed=42, dropout=None, transfer_learning='LP', show=False, verbose=False, balanced_dataset=False, torch_compile=False, distributed=False, ray_tune='gridsearch', grace_period=4, num_samples_trials=3, gpus_per_trial=1)",12,val,False,0.0001,0.99,0.0001
b518e_00016,0.476,0.174,5.685171842575073,True,,,4,a26dbdb8b9384157b21562424d3bb649,2023-06-28_19-04-38,1687971878,23.760199546813965,358018,sfandres-ROG-Strix-G513QR,192.168.1.140,23.760199546813965,0,4,0.0038175582885742188,"16_lr=0.0001,momentum=0.9900,weight_decay=0.0000","Namespace(model_name='Supervised', task_name='multilabel', backbone_name='resnet18', input_data=None, dataset_name='Sentinel2AndaluciaLULC', dataset_level='Level_N2', train_rate=0.05, epochs=12, learning_rate=0.01, save_every=5, batch_size=64, num_workers=2, ini_weights='random', seed=42, dropout=None, transfer_learning='LP', show=False, verbose=False, balanced_dataset=False, torch_compile=False, distributed=False, ray_tune='gridsearch', grace_period=4, num_samples_trials=3, gpus_per_trial=1)",12,val,False,0.0001,0.99,1e-05
b518e_00040,0.475,0.174,5.689177989959717,True,,,4,2be1d2c6bbbf4cea88262d0849351b3a,2023-06-28_19-22-41,1687972961,24.022560834884644,369603,sfandres-ROG-Strix-G513QR,192.168.1.140,24.022560834884644,0,4,0.003578662872314453,"40_lr=0.0001,momentum=0.9900,weight_decay=0.0000","Namespace(model_name='Supervised', task_name='multilabel', backbone_name='resnet18', input_data=None, dataset_name='Sentinel2AndaluciaLULC', dataset_level='Level_N2', train_rate=0.05, epochs=12, learning_rate=0.01, save_every=5, batch_size=64, num_workers=2, ini_weights='random', seed=42, dropout=None, transfer_learning='LP', show=False, verbose=False, balanced_dataset=False, torch_compile=False, distributed=False, ray_tune='gridsearch', grace_period=4, num_samples_trials=3, gpus_per_trial=1)",12,val,False,0.0001,0.99,1e-05
b518e_00058,0.488,0.176,5.451719045639038,True,,,4,7d466aa1fe91482eaf753dea30d69024,2023-06-28_19-34-03,1687973643,22.715975761413574,377149,sfandres-ROG-Strix-G513QR,192.168.1.140,22.715975761413574,0,4,0.003548145294189453,"58_lr=0.0100,momentum=0.9900,weight_decay=0.0001","Namespace(model_name='Supervised', task_name='multilabel', backbone_name='resnet18', input_data=None, dataset_name='Sentinel2AndaluciaLULC', dataset_level='Level_N2', train_rate=0.05, epochs=12, learning_rate=0.01, save_every=5, batch_size=64, num_workers=2, ini_weights='random', seed=42, dropout=None, transfer_learning='LP', show=False, verbose=False, balanced_dataset=False, torch_compile=False, distributed=False, ray_tune='gridsearch', grace_period=4, num_samples_trials=3, gpus_per_trial=1)",12,val,False,0.01,0.99,0.0001
b518e_00068,0.61,0.177,5.679361581802368,True,,,4,a3850f2ee98742809546194660065f91,2023-06-28_19-40-59,1687974059,23.682650327682495,381626,sfandres-ROG-Strix-G513QR,192.168.1.140,23.682650327682495,0,4,0.004441976547241211,"68_lr=0.0001,momentum=0.9000,weight_decay=0.0000","Namespace(model_name='Supervised', task_name='multilabel', backbone_name='resnet18', input_data=None, dataset_name='Sentinel2AndaluciaLULC', dataset_level='Level_N2', train_rate=0.05, epochs=12, learning_rate=0.01, save_every=5, batch_size=64, num_workers=2, ini_weights='random', seed=42, dropout=None, transfer_learning='LP', show=False, verbose=False, balanced_dataset=False, torch_compile=False, distributed=False, ray_tune='gridsearch', grace_period=4, num_samples_trials=3, gpus_per_trial=1)",12,val,False,0.0001,0.9,1e-05
b518e_00002,0.489,0.177,6.57295298576355,True,,,4,6945e9fa63ed4a99aadaaf3b91bd87a2,2023-06-28_18-52-19,1687971139,26.767627477645874,349933,sfandres-ROG-Strix-G513QR,192.168.1.140,26.767627477645874,0,4,0.0034759044647216797,"2_lr=0.0100,momentum=0.9900,weight_decay=0","Namespace(model_name='Supervised', task_name='multilabel', backbone_name='resnet18', input_data=None, dataset_name='Sentinel2AndaluciaLULC', dataset_level='Level_N2', train_rate=0.05, epochs=12, learning_rate=0.01, save_every=5, batch_size=64, num_workers=2, ini_weights='random', seed=42, dropout=None, transfer_learning='LP', show=False, verbose=False, balanced_dataset=False, torch_compile=False, distributed=False, ray_tune='gridsearch', grace_period=4, num_samples_trials=3, gpus_per_trial=1)",12,val,False,0.01,0.99,0.0
b518e_00066,0.493,0.177,5.705358028411865,True,,,4,aea207f11f904103b687d7b2793642f1,2023-06-28_19-40-03,1687974003,23.84763741493225,380986,sfandres-ROG-Strix-G513QR,192.168.1.140,23.84763741493225,0,4,0.004761695861816406,"66_lr=0.0100,momentum=0.9900,weight_decay=0.0000","Namespace(model_name='Supervised', task_name='multilabel', backbone_name='resnet18', input_data=None, dataset_name='Sentinel2AndaluciaLULC', dataset_level='Level_N2', train_rate=0.05, epochs=12, learning_rate=0.01, save_every=5, batch_size=64, num_workers=2, ini_weights='random', seed=42, dropout=None, transfer_learning='LP', show=False, verbose=False, balanced_dataset=False, torch_compile=False, distributed=False, ray_tune='gridsearch', grace_period=4, num_samples_trials=3, gpus_per_trial=1)",12,val,False,0.01,0.99,1e-05
b518e_00036,0.611,0.177,5.695504188537598,True,,,4,072867f9e14c41c2bc5b6af06f8cb5a6,2023-06-28_19-18-29,1687972709,23.882800817489624,367013,sfandres-ROG-Strix-G513QR,192.168.1.140,23.882800817489624,0,4,0.003907442092895508,"36_lr=0.0001,momentum=0.9000,weight_decay=0.0001","Namespace(model_name='Supervised', task_name='multilabel', backbone_name='resnet18', input_data=None, dataset_name='Sentinel2AndaluciaLULC', dataset_level='Level_N2', train_rate=0.05, epochs=12, learning_rate=0.01, save_every=5, batch_size=64, num_workers=2, ini_weights='random', seed=42, dropout=None, transfer_learning='LP', show=False, verbose=False, balanced_dataset=False, torch_compile=False, distributed=False, ray_tune='gridsearch', grace_period=4, num_samples_trials=3, gpus_per_trial=1)",12,val,False,0.0001,0.9,0.0001
b518e_00004,0.61,0.177,5.375569581985474,True,,,4,e5e63de0123849b183ae26576929b2e0,2023-06-28_18-54-02,1687971242,22.527093410491943,351128,sfandres-ROG-Strix-G513QR,192.168.1.140,22.527093410491943,0,4,0.003125429153442383,"4_lr=0.0001,momentum=0.9000,weight_decay=0","Namespace(model_name='Supervised', task_name='multilabel', backbone_name='resnet18', input_data=None, dataset_name='Sentinel2AndaluciaLULC', dataset_level='Level_N2', train_rate=0.05, epochs=12, learning_rate=0.01, save_every=5, batch_size=64, num_workers=2, ini_weights='random', seed=42, dropout=None, transfer_learning='LP', show=False, verbose=False, balanced_dataset=False, torch_compile=False, distributed=False, ray_tune='gridsearch', grace_period=4, num_samples_trials=3, gpus_per_trial=1)",12,val,False,0.0001,0.9,0.0
b518e_00050,0.492,0.177,5.601696968078613,True,,,4,b3302080bea44e60876de405236fa467,2023-06-28_19-28-50,1687973330,23.803687572479248,373685,sfandres-ROG-Strix-G513QR,192.168.1.140,23.803687572479248,0,4,0.002925872802734375,"50_lr=0.0100,momentum=0.9900,weight_decay=0","Namespace(model_name='Supervised', task_name='multilabel', backbone_name='resnet18', input_data=None, dataset_name='Sentinel2AndaluciaLULC', dataset_level='Level_N2', train_rate=0.05, epochs=12, learning_rate=0.01, save_every=5, batch_size=64, num_workers=2, ini_weights='random', seed=42, dropout=None, transfer_learning='LP', show=False, verbose=False, balanced_dataset=False, torch_compile=False, distributed=False, ray_tune='gridsearch', grace_period=4, num_samples_trials=3, gpus_per_trial=1)",12,val,False,0.01,0.99,0.0
b518e_00060,0.61,0.177,5.795771360397339,True,,,4,708e0bf1f7384ed7a3f5ac8ded038b71,2023-06-28_19-35-46,1687973746,24.01663851737976,378225,sfandres-ROG-Strix-G513QR,192.168.1.140,24.01663851737976,0,4,0.0037691593170166016,"60_lr=0.0001,momentum=0.9000,weight_decay=0.0001","Namespace(model_name='Supervised', task_name='multilabel', backbone_name='resnet18', input_data=None, dataset_name='Sentinel2AndaluciaLULC', dataset_level='Level_N2', train_rate=0.05, epochs=12, learning_rate=0.01, save_every=5, batch_size=64, num_workers=2, ini_weights='random', seed=42, dropout=None, transfer_learning='LP', show=False, verbose=False, balanced_dataset=False, torch_compile=False, distributed=False, ray_tune='gridsearch', grace_period=4, num_samples_trials=3, gpus_per_trial=1)",12,val,False,0.0001,0.9,0.0001
b518e_00028,0.611,0.177,5.869921684265137,True,,,4,c0b9a4d9778e4be0bc51c8bfdf93eb82,2023-06-28_19-12-26,1687972346,24.62553858757019,363127,sfandres-ROG-Strix-G513QR,192.168.1.140,24.62553858757019,0,4,0.004683017730712891,"28_lr=0.0001,momentum=0.9000,weight_decay=0","Namespace(model_name='Supervised', task_name='multilabel', backbone_name='resnet18', input_data=None, dataset_name='Sentinel2AndaluciaLULC', dataset_level='Level_N2', train_rate=0.05, epochs=12, learning_rate=0.01, save_every=5, batch_size=64, num_workers=2, ini_weights='random', seed=42, dropout=None, transfer_learning='LP', show=False, verbose=False, balanced_dataset=False, torch_compile=False, distributed=False, ray_tune='gridsearch', grace_period=4, num_samples_trials=3, gpus_per_trial=1)",12,val,False,0.0001,0.9,0.0
b518e_00020,0.61,0.177,5.641239166259766,True,,,4,ad51f0865a344eee8fd45b3e27ea9ba3,2023-06-28_19-06-30,1687971990,23.342462301254272,359299,sfandres-ROG-Strix-G513QR,192.168.1.140,23.342462301254272,0,4,0.004059553146362305,"20_lr=0.0001,momentum=0.9000,weight_decay=0.0000","Namespace(model_name='Supervised', task_name='multilabel', backbone_name='resnet18', input_data=None, dataset_name='Sentinel2AndaluciaLULC', dataset_level='Level_N2', train_rate=0.05, epochs=12, learning_rate=0.01, save_every=5, batch_size=64, num_workers=2, ini_weights='random', seed=42, dropout=None, transfer_learning='LP', show=False, verbose=False, balanced_dataset=False, torch_compile=False, distributed=False, ray_tune='gridsearch', grace_period=4, num_samples_trials=3, gpus_per_trial=1)",12,val,False,0.0001,0.9,1e-05
b518e_00044,0.611,0.177,5.493391036987305,True,,,4,b1846bb12691468a84aceb6601d096a7,2023-06-28_19-24-31,1687973071,22.769007444381714,370899,sfandres-ROG-Strix-G513QR,192.168.1.140,22.769007444381714,0,4,0.003915309906005859,"44_lr=0.0001,momentum=0.9000,weight_decay=0.0000","Namespace(model_name='Supervised', task_name='multilabel', backbone_name='resnet18', input_data=None, dataset_name='Sentinel2AndaluciaLULC', dataset_level='Level_N2', train_rate=0.05, epochs=12, learning_rate=0.01, save_every=5, batch_size=64, num_workers=2, ini_weights='random', seed=42, dropout=None, transfer_learning='LP', show=False, verbose=False, balanced_dataset=False, torch_compile=False, distributed=False, ray_tune='gridsearch', grace_period=4, num_samples_trials=3, gpus_per_trial=1)",12,val,False,0.0001,0.9,1e-05
b518e_00012,0.61,0.177,5.770142555236816,True,,,4,07bfa4c822844dff81adaee8b041110b,2023-06-28_19-00-34,1687971634,23.826047658920288,355438,sfandres-ROG-Strix-G513QR,192.168.1.140,23.826047658920288,0,4,0.004315376281738281,"12_lr=0.0001,momentum=0.9000,weight_decay=0.0001","Namespace(model_name='Supervised', task_name='multilabel', backbone_name='resnet18', input_data=None, dataset_name='Sentinel2AndaluciaLULC', dataset_level='Level_N2', train_rate=0.05, epochs=12, learning_rate=0.01, save_every=5, batch_size=64, num_workers=2, ini_weights='random', seed=42, dropout=None, transfer_learning='LP', show=False, verbose=False, balanced_dataset=False, torch_compile=False, distributed=False, ray_tune='gridsearch', grace_period=4, num_samples_trials=3, gpus_per_trial=1)",12,val,False,0.0001,0.9,0.0001
b518e_00052,0.61,0.177,5.623477458953857,True,,,4,dc167f83e2824f948f31d3602037bc24,2023-06-28_19-29-45,1687973385,23.803138256072998,374330,sfandres-ROG-Strix-G513QR,192.168.1.140,23.803138256072998,0,4,0.004460811614990234,"52_lr=0.0001,momentum=0.9000,weight_decay=0","Namespace(model_name='Supervised', task_name='multilabel', backbone_name='resnet18', input_data=None, dataset_name='Sentinel2AndaluciaLULC', dataset_level='Level_N2', train_rate=0.05, epochs=12, learning_rate=0.01, save_every=5, batch_size=64, num_workers=2, ini_weights='random', seed=42, dropout=None, transfer_learning='LP', show=False, verbose=False, balanced_dataset=False, torch_compile=False, distributed=False, ray_tune='gridsearch', grace_period=4, num_samples_trials=3, gpus_per_trial=1)",12,val,False,0.0001,0.9,0.0
b518e_00003,0.362,0.179,5.981827259063721,True,,,12,00f8242581ec492583b2b725d832abde,2023-06-28_18-53-36,1687971216,72.15610265731812,350352,sfandres-ROG-Strix-G513QR,192.168.1.140,72.15610265731812,0,12,0.004990100860595703,"3_lr=0.1000,momentum=0.9900,weight_decay=0","Namespace(model_name='Supervised', task_name='multilabel', backbone_name='resnet18', input_data=None, dataset_name='Sentinel2AndaluciaLULC', dataset_level='Level_N2', train_rate=0.05, epochs=12, learning_rate=0.01, save_every=5, batch_size=64, num_workers=2, ini_weights='random', seed=42, dropout=None, transfer_learning='LP', show=False, verbose=False, balanced_dataset=False, torch_compile=False, distributed=False, ray_tune='gridsearch', grace_period=4, num_samples_trials=3, gpus_per_trial=1)",12,val,False,0.1,0.99,0.0
b518e_00018,0.492,0.179,5.840167045593262,True,,,4,635b7ca37e974391b791ee6aa3a056e8,2023-06-28_19-05-34,1687971934,23.851152896881104,358660,sfandres-ROG-Strix-G513QR,192.168.1.140,23.851152896881104,0,4,0.0038568973541259766,"18_lr=0.0100,momentum=0.9900,weight_decay=0.0000","Namespace(model_name='Supervised', task_name='multilabel', backbone_name='resnet18', input_data=None, dataset_name='Sentinel2AndaluciaLULC', dataset_level='Level_N2', train_rate=0.05, epochs=12, learning_rate=0.01, save_every=5, batch_size=64, num_workers=2, ini_weights='random', seed=42, dropout=None, transfer_learning='LP', show=False, verbose=False, balanced_dataset=False, torch_compile=False, distributed=False, ray_tune='gridsearch', grace_period=4, num_samples_trials=3, gpus_per_trial=1)",12,val,False,0.01,0.99,1e-05
b518e_00034,0.498,0.179,5.663761138916016,True,,,4,b66c2b616f8742aa84f8a7553a2278b6,2023-06-28_19-17-33,1687972653,23.65244436264038,366375,sfandres-ROG-Strix-G513QR,192.168.1.140,23.65244436264038,0,4,0.0031926631927490234,"34_lr=0.0100,momentum=0.9900,weight_decay=0.0001","Namespace(model_name='Supervised', task_name='multilabel', backbone_name='resnet18', input_data=None, dataset_name='Sentinel2AndaluciaLULC', dataset_level='Level_N2', train_rate=0.05, epochs=12, learning_rate=0.01, save_every=5, batch_size=64, num_workers=2, ini_weights='random', seed=42, dropout=None, transfer_learning='LP', show=False, verbose=False, balanced_dataset=False, torch_compile=False, distributed=False, ray_tune='gridsearch', grace_period=4, num_samples_trials=3, gpus_per_trial=1)",12,val,False,0.01,0.99,0.0001
b518e_00010,0.49,0.18,5.417654275894165,True,,,4,e9a1043d257d490897276311bfe33272,2023-06-28_18-58-58,1687971538,22.47270178794861,354312,sfandres-ROG-Strix-G513QR,192.168.1.140,22.47270178794861,0,4,0.003545045852661133,"10_lr=0.0100,momentum=0.9900,weight_decay=0.0001","Namespace(model_name='Supervised', task_name='multilabel', backbone_name='resnet18', input_data=None, dataset_name='Sentinel2AndaluciaLULC', dataset_level='Level_N2', train_rate=0.05, epochs=12, learning_rate=0.01, save_every=5, batch_size=64, num_workers=2, ini_weights='random', seed=42, dropout=None, transfer_learning='LP', show=False, verbose=False, balanced_dataset=False, torch_compile=False, distributed=False, ray_tune='gridsearch', grace_period=4, num_samples_trials=3, gpus_per_trial=1)",12,val,False,0.01,0.99,0.0001
b518e_00035,0.51,0.182,5.768409967422485,True,,,4,17be9a2678e1483da3a7d9dad0455876,2023-06-28_19-18-01,1687972681,23.91741442680359,366688,sfandres-ROG-Strix-G513QR,192.168.1.140,23.91741442680359,0,4,0.0032634735107421875,"35_lr=0.1000,momentum=0.9900,weight_decay=0.0001","Namespace(model_name='Supervised', task_name='multilabel', backbone_name='resnet18', input_data=None, dataset_name='Sentinel2AndaluciaLULC', dataset_level='Level_N2', train_rate=0.05, epochs=12, learning_rate=0.01, save_every=5, batch_size=64, num_workers=2, ini_weights='random', seed=42, dropout=None, transfer_learning='LP', show=False, verbose=False, balanced_dataset=False, torch_compile=False, distributed=False, ray_tune='gridsearch', grace_period=4, num_samples_trials=3, gpus_per_trial=1)",12,val,False,0.1,0.99,0.0001
b518e_00042,0.496,0.184,5.743253707885742,True,,,4,031ba22415af4ef3965dd66e47489d6d,2023-06-28_19-23-37,1687973017,23.725738525390625,370255,sfandres-ROG-Strix-G513QR,192.168.1.140,23.725738525390625,0,4,0.0029098987579345703,"42_lr=0.0100,momentum=0.9900,weight_decay=0.0000","Namespace(model_name='Supervised', task_name='multilabel', backbone_name='resnet18', input_data=None, dataset_name='Sentinel2AndaluciaLULC', dataset_level='Level_N2', train_rate=0.05, epochs=12, learning_rate=0.01, save_every=5, batch_size=64, num_workers=2, ini_weights='random', seed=42, dropout=None, transfer_learning='LP', show=False, verbose=False, balanced_dataset=False, torch_compile=False, distributed=False, ray_tune='gridsearch', grace_period=4, num_samples_trials=3, gpus_per_trial=1)",12,val,False,0.01,0.99,1e-05
b518e_00026,0.495,0.186,5.486828565597534,True,,,4,0e3e27843cc74238a4c38f8faf7bc0ab,2023-06-28_19-11-30,1687972290,23.687427043914795,362486,sfandres-ROG-Strix-G513QR,192.168.1.140,23.687427043914795,0,4,0.003857851028442383,"26_lr=0.0100,momentum=0.9900,weight_decay=0","Namespace(model_name='Supervised', task_name='multilabel', backbone_name='resnet18', input_data=None, dataset_name='Sentinel2AndaluciaLULC', dataset_level='Level_N2', train_rate=0.05, epochs=12, learning_rate=0.01, save_every=5, batch_size=64, num_workers=2, ini_weights='random', seed=42, dropout=None, transfer_learning='LP', show=False, verbose=False, balanced_dataset=False, torch_compile=False, distributed=False, ray_tune='gridsearch', grace_period=4, num_samples_trials=3, gpus_per_trial=1)",12,val,False,0.01,0.99,0.0
